未だ,だいたい、そのスーパースターの先輩にしたって、最終的には左腕を怪我して早期引退したというのだから、スパルタ式のトレーニングには何の意味もないどころか逆効果であると実証されているようなものじゃないか……、なのにどうして、_____あの部では、兎跳びが採用されているのだろう。 　,未だ[いま‐だ]
黄金時代,_____のイメージに引きずられた旧時代的なトレーニング、『同じ人間なんだから自分にもできるんじゃないか』なんて、肥大した自己投影のイメージ。 　,黄金時代[おうごん‐じだい]
肥大,黄金時代のイメージに引きずられた旧時代的なトレーニング、『同じ人間なんだから自分にもできるんじゃないか』なんて、_____した自己投影のイメージ。 　,肥大[ひ‐だい]
名残,なんでも、かつて直江津高校の女子バスケットボール部には、超高校級のスーパースターがいて、冗談でなく全国区でバリバリ戦っていたそうで、と言っても先述の通り既にその先輩は引退しているのだが、その_____で、ハードな練習だけが後進に受け継がれている。 　,名残[なごり]
バリバリ,なんでも、かつて直江津高校の女子バスケットボール部には、超高校級のスーパースターがいて、冗談でなく全国区で_____戦っていたそうで、と言っても先述の通り既にその先輩は引退しているのだが、その名残で、ハードな練習だけが後進に受け継がれている。 　,バリバリ[ばり‐ばり]
土地勘,_____のあるきみに協力して欲しいだけなのさ、三人目の、あるいは百一人目の被害者を出さないために」 　たまには縁もゆかりもない女子を助けてみるのも乙だろう──と、臥煙さんは、僕の来歴を揶揄するようなことを言ってきた。,土地勘[とち‐かん]
ピリオド,しかし、僕が吸血鬼に襲われたあの春休みから始まった一連の騒動には、どうあれ卒業式までに_____が打たれたはずなのに、ほんの数ヵ月後には、こんな別件が起こってしまうなんて。 　,ピリオド[ピリオド]
有する,僕の知る吸血鬼は、数ヵ月にひとりを吸血するだけでも生きていけると豪語していたが、その一方で、自制心を失えば世界中の人類から吸血することだってできる食欲を有していた。 　,有する[ゆう・する]
オカルト,体内の水分がほとんど奪われた患者が、それでもなぜか死なない患者が、二体立て続けに運び込まれてくれば、そりゃあ現代医療も匙を投げるだろう……、_____の出番だ。 ,オカルト[オカルト]
徹する,「裏方に徹したい私が出張らざるを得ない状況なんだ。,徹する[てっ・する]
下級生,それに、学年をまたいだ交流はほとんどなかったとは言え、それでも_____に、知り合いがまったくいなかったわけではないのだ……、彼女達が吸血鬼の被害に遭い、木乃伊化させられるかもしれないと思うと、やはり心穏やかではいられない。 ,下級生[かきゅう‐せい]
ゆかり,土地勘のあるきみに協力して欲しいだけなのさ、三人目の、あるいは百一人目の被害者を出さないために」 　たまには縁も_____もない女子を助けてみるのも乙だろう──と、臥煙さんは、僕の来歴を揶揄するようなことを言ってきた。,ゆかり[ゆかり]
作への,どちらかと言えばそれは次回_____伏線だ。,作への[さ]
まっぴら,もしもこよみんが、こんなトラウマを刺激されるような事件にかかわるのは_____御免だって正論を縷々述べるのであれば、私はあっさり引く。,まっぴら[まっ‐ぴら]
ほっと,ですか……」 　あのとき僕もこうなっていたかもしれないわけだ……、とは言え、ぞっとする一方で僕は、どこかで_____していた。 　,ほっと[ホット]
なんて,母校愛_____まったくない僕だけれど（むしろ通っている当時は、あの進学校のことは嫌いだった）、無関係を装うのは気が咎める。 　,なんて[なんて]
真っ当,確かに影縫さん、影縫余弦さんは、不死身の怪異を専門とする陰陽師だけれど、しかし彼女は_____な専門家とは言い難い。,真っ当[まっとう]
ちまちま,とツインテイルは結ったことがない」 　臥煙さんのツインテイル姿なんて、見れるものならなんとしても見てみたかったけれど、しかし、それよりも更に魅力的な提案ではあった……、いや、見様によっては絶交を宣言されているようなものなので、そこまで誓われてしまうと寂しいものもあったが（我ながら勝手だ）、ことあるごとになんだかんだと、_____恩着せがましいことを言われ続ける生活から、綺麗さっぱり足を洗えると言うのであれば、そんな嬉しいリターンはない。 　,ちまちま[ちま‐ちま]
出不精,本来_____である私が、こうして初手から出張っていることを、単純に『頼もしい』と思ってもらっちゃ、やっぱり困るんだよ」 　と言った。 　,出不精[で‐ぶしょう]
あぶる,「彼女は本能_____ちゃん。,あぶる[あぶ・る]
すんなり,こうしていきなり木乃伊を、二体連続で見せられてしまっては、しかもそれが女子高生の木乃伊だと聞かされてしまっては、必然僕も、道義的な使命感に駆られたりはするものの、基本、臥煙さんからの要請を、_____と受け入れることは危険だ。 　,すんなり[すんなり]
外堀,_____は完全に埋められているようなものだ。 　,外堀[そと‐ぼり]
道,どころか、この世で一番、_____から外れた専門家である──以前、僕が高校生だった頃、臥煙さんと仕事をご一緒したときには、あれもあれで不死身の怪異がからむ、かなりの危機的状況だったにもかかわらず、臥煙さんは頑なに影縫さんを頼ろうとはしなかった。 　,道[じ]
隙間産業,_____ならぬ隙間死業か。 ,隙間産業[すきま‐さんぎょう]
乙,土地勘のあるきみに協力して欲しいだけなのさ、三人目の、あるいは百一人目の被害者を出さないために」 　たまには縁もゆかりもない女子を助けてみるのも_____だろう──と、臥煙さんは、僕の来歴を揶揄するようなことを言ってきた。,乙[いつ]
匙,体内の水分がほとんど奪われた患者が、それでもなぜか死なない患者が、二体立て続けに運び込まれてくれば、そりゃあ現代医療も_____を投げるだろう……、オカルトの出番だ。 ,匙[かい]
ほ,今日だってこの通り、代数の授業をさらっと自主休講して、臥煙さんからの呼び出しに_____い_____い応じている。 　,ほ[ほ]
愛,母校_____なんてまったくない僕だけれど（むしろ通っている当時は、あの進学校のことは嫌いだった）、無関係を装うのは気が咎める。 　,愛[あい]
我が物顔,003 　どうしてこの病院で、医者でも職員でもない臥煙さんが、こうも_____で振る舞えるのかは謎めいていたけれど、隣の病室の寝台にも、同じように同じような木乃伊が横たえられているのを見て、どうやら専門家である彼女に今回の件を依頼したのが、この病院の院長だと解釈するのが適当であるように思われた。 　,我が物顔[わがもの‐がお]
無理強い,とは言え、私はいつも通り、_____するつもりはないよ。,無理強い[むり‐じい]
筋書き,本音を言えば、影縫さんとは色々あったので、シンプルに顔を合わせづらいという気持ちもあったのだけれど、そういう話であるなら、彼女がこの町に到着する前に、この怪異現象を終わらせてしまうという_____もありそうだった。 　,筋書き[すじ‐がき]
遠ざける,あいつをこの町から_____ためだったら、僕は何でもする。 　,遠ざける[とお‐ざ・ける]
初手,本来出不精である私が、こうして_____から出張っていることを、単純に『頼もしい』と思ってもらっちゃ、やっぱり困るんだよ」 　と言った。 　,初手[しょ‐て]
頑なに,どころか、この世で一番、道から外れた専門家である──以前、僕が高校生だった頃、臥煙さんと仕事をご一緒したときには、あれもあれで不死身の怪異がからむ、かなりの危機的状況だったにもかかわらず、臥煙さんは_____影縫さんを頼ろうとはしなかった。 　,頑なに[かた‐くな]
フットワーク,「でも、余弦は、呼べばすぐやって来てくれるほど、_____が軽くないからね。,フットワーク[フットワーク]
豪語,僕の知る吸血鬼は、数ヵ月にひとりを吸血するだけでも生きていけると_____していたが、その一方で、自制心を失えば世界中の人類から吸血することだってできる食欲を有していた。 　,豪語[ごう‐ご]
血液,「生きてはいるけれど、死んでいないだけ……、ただただ_____を吸い尽くされた木乃伊。,血液[けつ‐えき]
的確,こんな風に都度都度呼び出されていては、いつまで経っても高校から卒業できないみたいなものだ──そんな風に思っていると、しかし僕のそんな胸中を_____に読んだかのように、 「もしもこの怪異現象の解決に協力してくれるなら、こよみん。,的確[てき‐かく]
はなはだしい,諸事情あって、吸血鬼化の後遺症が_____た高校生の頃ならまだしも、大学生になってからの僕は、すっかり落ち着いたものですから」 「そのようだね。,はなはだしい[はなはだ‐し・い]
ほいほい応,今日だってこの通り、代数の授業をさらっと自主休講して、臥煙さんからの呼び出しに_____じている。 　,ほいほい応[ほい‐ほい]
結う,まあ、詐欺師の先輩である臥煙さんの誓いに、果たしてどれくらいの信憑性があるのかは定かではないけれど（ツインテイルも_____たことはあるかもしれない）、まあ、そんな約束があってもなくっても、やはり知らない顔のできるシチュエーションではない。 　,結う[ゆ・う]
のほほんと,まあ、吸血鬼を相手取ることになりかねないとなれば、_____安全地帯に留まり続けるというわけにはいくまい……、まして、死屍累生死郎の復活よりも危険値が高いと評価された今回の件にかかわるとなると、僕にもそれなりの覚悟が必要だ。 　,のほほんと[のほほん]
難い,確かに影縫さん、影縫余弦さんは、不死身の怪異を専門とする陰陽師だけれど、しかし彼女は真っ当な専門家とは言い_____。,難い[かた・い]
リノリウム,もっとも、あれはあれで、きみの血を吸った吸血鬼サイドから見れば、大失敗だったわけだけどね」 　言って臥煙さんは、病院独特の_____の床へと……、僕の影へと目を落とす。 　,リノリウム[リノリウム]
ダイレクト,どんなに急いでも、この町に到着するまでに、数日はかかる……、その数日は、_____に被害者の数に繫がりかねない」 　なるほど。 　,ダイレクト[ダイレクト]
幸運,吸血鬼に血を吸われ、生きているんだか死んでいるんだかよくわからないような木乃伊にされたことが、貼交ちゃんにとって_____だったなんて、まったく言うつもりはないけれど、しかしそれでも、死んでいないのであれば、まだ望みはある。 　,幸運[こう‐うん]
死ぬ,吸血鬼に血を吸われ、生きているんだか_____でいるんだかよくわからないような木乃伊にされたことが、貼交ちゃんにとって幸運だったなんて、まったく言うつもりはないけれど、しかしそれでも、_____でいないのであれば、まだ望みはある。 　,死ぬ[し・ぬ]
来歴,土地勘のあるきみに協力して欲しいだけなのさ、三人目の、あるいは百一人目の被害者を出さないために」 　たまには縁もゆかりもない女子を助けてみるのも乙だろう──と、臥煙さんは、僕の_____を揶揄するようなことを言ってきた。,来歴[らい‐れき]
苦笑,人はひとりで勝手に助かるだけだよ』なんて」 「憶えているじゃないか」 　_____しながら、臥煙さんはそう受けて、 「もちろん、私はこの子を、貼交ちゃんを助けるためにここにいる。,苦笑[く‐しょう]
駆る,こうしていきなり木乃伊を、二体連続で見せられてしまっては、しかもそれが女子高生の木乃伊だと聞かされてしまっては、必然僕も、道義的な使命感に_____れたりはするものの、基本、臥煙さんからの要請を、すんなりと受け入れることは危険だ。 　,駆る[か・る]
揶揄,土地勘のあるきみに協力して欲しいだけなのさ、三人目の、あるいは百一人目の被害者を出さないために」 　たまには縁もゆかりもない女子を助けてみるのも乙だろう──と、臥煙さんは、僕の来歴を_____するようなことを言ってきた。,揶揄[や‐ゆ]
匙を投げるだろう,体内の水分がほとんど奪われた患者が、それでもなぜか死なない患者が、二体立て続けに運び込まれてくれば、そりゃあ現代医療も_____……、オカルトの出番だ。 ,匙を投げるだろう[サジヲナゲル]
経つ,こんな風に都度都度呼び出されていては、いつまで_____ても高校から卒業できないみたいなものだ──そんな風に思っていると、しかし僕のそんな胸中を的確に読んだかのように、 「もしもこの怪異現象の解決に協力してくれるなら、こよみん。,経つ[た・つ]
奏でる,余弦と月火ちゃんの間柄についてはなんでも知ってるおねーさんはわけても熟知しているから──おっと」 　首尾よく、臥煙さんが僕からの協力を取りつけたそのタイミングで、彼女の携帯電話が着信音を_____た──いや、ここは院内なので、着信があったのは、ＰＨＳかもしれない。,奏でる[かな・でる]
フォルクスワーゲン,_____のニュービートルだ。,フォルクスワーゲン[フォルクスワーゲン]
ストア,こつこつと汗水垂らしてバイトをした末に購入した、状態のよい中古車を、更に自らレ_____した一台だと言うと印象がいいだろうけれど、卒業祝いに親から贈られた新車である。 　,ストア[ストア]
がくんと,魂が抜かれたように──そんなものがあるとしてだが──_____、僕に覆いかぶさってきた。,がくんと[がくん]
閑散,木乃伊が発見された直後となれば、野次馬で人だかりができていたり、そうでなくとも警察が駆けつけていたりするんじゃないかと思っていたけれど、その現場には、逆に驚くほど、人気がなかった……、通学時間はとっくに終わっているとはいえ、生活道路がここまで_____とするものか？ 　,閑散[かん‐さん]
しゃがむ,木乃伊のそばに_____込んだ僕に対して、『彼女』が、まるで背中に発条でも仕込まれていたかのように跳ね上がり、逆に手を伸ばしてきたのだ──否、手ではなく、指。 　,しゃがむ[しゃが・む]
カーテン,そう言えば、木乃伊が寝かされていた病室には、やはり_____が引かれていた……、たぶん、それ以外にも、木乃伊を封じるための策が、あの病室にはあれこれ施されていたのだろう。 　,カーテン[カーテン]
手札,そんな出来損ないの_____を、臥煙さんが使わざるを得ないような事件が、地元で起こっているなら、返す返すも見過ごすわけにはいかないだろう……、そうだな。 　,手札[しゅ‐さつ]
凌げる,女子高生の、ネイルされていない十爪についてはなんとかそれで_____たけれど、しかし、牙についてはそうはいかなかった──むしろ両手首をつかんだことで、僕もまた、自分の両手を封じられたようなものだった。 　,凌げる[しの・ぐ]
引っ搔きに,木乃伊が僕を、_____きた──引き千切りにきた。 ,引っ搔きに[ひっ]
汗水,こつこつと_____垂らしてバイトをした末に購入した、状態のよい中古車を、更に自らレストアした一台だと言うと印象がいいだろうけれど、卒業祝いに親から贈られた新車である。 　,汗水[あせ‐みず]
配慮,学業に支障が出ない範囲で、手伝わせてもらいます──ただし、家族に迷惑をかけたくないので、その点だけはご_____よろしくお願いします」 「ああ。,配慮[はい‐りょ]
顕著,004 　私立直江津高校に通っていた頃の阿良々木暦と、国立曲直瀬大学に通い始めた今の阿良々木暦の、もっとも_____な違い、あるいは変化を問われたならば、それは通学手段だと答えるのが適切だろう。,顕著[けん‐ちょ]
病院,なんでも知ってるおねーさんも知りたくはなかったよ」 　そんな洒落た会話を軽やかに交わしながら、僕達が向かう先は、それもやはりと言うべきなのか、直江津高校の通学路だった──_____からそう離れた場所でもないので、すぐに到着した。 　,病院[びょう‐いん]
チャイルド,どうして後部座席なのかと言えば、助手席には_____シートが常設されているからだ──僕の助手席は、幼女の指定席なのである。 ,チャイルド[チャイルド]
野次馬,木乃伊が発見された直後となれば、_____で人だかりができていたり、そうでなくとも警察が駆けつけていたりするんじゃないかと思っていたけれど、その現場には、逆に驚くほど、人気がなかった……、通学時間はとっくに終わっているとはいえ、生活道路がここまで閑散とするものか？ 　,野次馬[やじ‐うま]
住宅街,「とは言え、昼間の_____じゃあ、超常結界にも限度がある。,住宅街[じゅうたく‐がい]
常設,どうして後部座席なのかと言えば、助手席にはチャイルドシートが_____されているからだ──僕の助手席は、幼女の指定席なのである。 ,常設[じょう‐せつ]
取り計らう,もちろん、その点は_____よ。,取り計らう[とり‐はから・う]
支障,学業に_____が出ない範囲で、手伝わせてもらいます──ただし、家族に迷惑をかけたくないので、その点だけはご配慮よろしくお願いします」 「ああ。,支障[し‐しょう]
長ける,まるで、吸血鬼に襲われた際、口本ちゃんが慌てて、取るものも取りあえず、そんな単語を暗記しようとしたかのように」 　臥煙さんはこともなげにそう言いつつ、ストラップのついた女子高生のスマートフォンをいじっていた──残念ながらロックがかかっているようで、通信機器の扱いには_____ている専門家も、その内部を分析することはできないらしかった。 　,長ける[た・ける]
かろうじて,これはこれで怖かったけれど、しかしどうやら、迂闊な僕は_____窮地を脱したようだった。 　,かろうじて[かろう‐じて]
隙間,まあ、たぶん元々は何か目的のある木造建築だったのだろうけれど、今となっては、正体不明の積木細工みたいに見える……、中に這入っても、せいぜい日よけになるくらいで、こんな_____だらけでは、雨どころか風さえしのげまい。 　,隙間[すき‐ま]
ラップ,まるで、吸血鬼に襲われた際、口本ちゃんが慌てて、取るものも取りあえず、そんな単語を暗記しようとしたかのように」 　臥煙さんはこともなげにそう言いつつ、スト_____のついた女子高生のスマートフォンをいじっていた──残念ながらロックがかかっているようで、通信機器の扱いには長けている専門家も、その内部を分析することはできないらしかった。 　,ラップ[ラップ]
熱烈,ありとあらゆるキスをしてきた僕ではあるけれど、さすがに木乃伊の女の子というのは、ストライクゾーンを外れているのでね──それでも_____に迫ってくる木乃伊の唇を、そしてその奥にきらめく牙を封じたのは、専門家の手腕だった。 　,熱烈[ねつ‐れつ]
細工,まあ、たぶん元々は何か目的のある木造建築だったのだろうけれど、今となっては、正体不明の積木_____みたいに見える……、中に這入っても、せいぜい日よけになるくらいで、こんな隙間だらけでは、雨どころか風さえしのげまい。 　,細工[さい‐く]
トラップ,まるで、吸血鬼に襲われた際、口本ちゃんが慌てて、取るものも取りあえず、そんな単語を暗記しようとしたかのように」 　臥煙さんはこともなげにそう言いつつ、ス_____のついた女子高生のスマートフォンをいじっていた──残念ながらロックがかかっているようで、通信機器の扱いには長けている専門家も、その内部を分析することはできないらしかった。 　,トラップ[トラップ]
積木,まあ、たぶん元々は何か目的のある木造建築だったのだろうけれど、今となっては、正体不明の_____細工みたいに見える……、中に這入っても、せいぜい日よけになるくらいで、こんな隙間だらけでは、雨どころか風さえしのげまい。 　,積木[つみ‐き]
組み敷かれる,と……」 　女子高生に_____というのは、状況によっちゃあエキサイティングで愉快なものなのかもしれないけれど、それが不気味な掘っ立て小屋の中で、しかも女子高生が木乃伊だという条件も付与されれば、とても嬉しがってはいられなかった──脈を取るために、不用意に木乃伊に近付いた僕だったが、違う目的──防衛目的──で、『彼女』の両手首をぎゅっとつかむことになっ,組み敷かれる[くみ‐し・く]
覆う,魂が抜かれたように──そんなものがあるとしてだが──がくんと、僕に_____かぶさってきた。,覆う[おおい]
ひょいと,英単語を暗記するための文房具」 　言いながら臥煙さんは、振り向きもせずに、僕に_____、その単語帳を──もちろん憶えている。,ひょいと[ひょい]
ストライク,ありとあらゆるキスをしてきた僕ではあるけれど、さすがに木乃伊の女の子というのは、_____ゾーンを外れているのでね──それでも熱烈に迫ってくる木乃伊の唇を、そしてその奥にきらめく牙を封じたのは、専門家の手腕だった。 　,ストライク[ストライク]
慰める,情けない気持ちになりつつ、僕は木乃伊の下から這い出る……、そんな僕に臥煙さんは、「いや、お手柄だったよ、こよみん」と、意味のわからない慰めを言った。 　,慰める[なぐさめ]
付与,と……」 　女子高生に組み敷かれるというのは、状況によっちゃあエキサイティングで愉快なものなのかもしれないけれど、それが不気味な掘っ立て小屋の中で、しかも女子高生が木乃伊だという条件も_____されれば、とても嬉しがってはいられなかった──脈を取るために、不用意に木乃伊に近付いた僕だったが、違う目的──防衛目的──で、『彼女』の両手首をぎゅっとつかむことになった。 　,付与[ふ‐よ]
発条,木乃伊のそばにしゃがみ込んだ僕に対して、『彼女』が、まるで背中に_____でも仕込まれていたかのように跳ね上がり、逆に手を伸ばしてきたのだ──否、手ではなく、指。 　,発条[ぜんまい]
路,第三の被害者と目される『彼女』が発見されたのは、正確には、通学_____脇のガードレールの向こう側にある、なんだかよくわからない掘っ立て小屋の中だった。 　,路[じ]
腹心,まあ、たぶん臥煙さんとしては、_____の部下と言うか、『本当の協力者』には、臨時メンバーである僕を紹介したくないのだろう──気持ちはわかる。 　,腹心[ふく‐しん]
探る,最近の斧乃木ちゃんは、どうやら千石とツルんでいるらしいけれど、そうなると僕からは探りを入れづらい……、しかもこうしてはっきり内緒だと言われちゃうと。 ,探る[さぐ・る]
単語,英_____を暗記するための文房具」 　言いながら臥煙さんは、振り向きもせずに、僕にひょいと、その_____帳を──もちろん憶えている。,単語[たん‐ご]
無比,我ながら成長がなくて嫌になる……、吸血鬼化に失敗した木乃伊に血を吸われて、それで吸血鬼化するのかどうかは知らないけれど、危うく十七歳の春休みの、正確_____で緻密な再現をしてしまうところだった。 　,無比[む‐ひ]
負,思いつめ過ぎだと自分でも思うが、もう己で己の思考をコントロールできなかった……、無意味に残った_____の遺産を、逆効果だと思いながらも引き継ぐことに、ほとほと疲れ果てていた。 　,負[ふ]
ヒト,しかも、_____の」 　高校生の頃、猿の木乃伊というのを見たことがあったけれど、骨格や、頭部に残った髪の毛を見る限り、からからに干からびてはいても、この木乃伊が人間であることは間違いがない。 　,ヒト[ひと]
受験,_____の頃に、さんざんお世話になったものだ──放り投げてきた。 　,受験[じゅ‐けん]
手柄,情けない気持ちになりつつ、僕は木乃伊の下から這い出る……、そんな僕に臥煙さんは、「いや、お_____だったよ、こよみん」と、意味のわからない慰めを言った。 　,手柄[て‐がら]
鞄,背が高いから、三年生かもと思ったけれど、最近の子はすくすくと成長著しいねえ」 　既に僕には目もくれず、臥煙さんは、木乃伊の脇に転がっていた_____を探って、生徒手帳だったり財布だったりを物色しながら、被害者の個人情報を収集しているらしかった──一人目の木乃伊が一年生で、二人目の木乃伊が二年生だったから、三人目が三年生……、みたいな、数列のリズムは刻んでいなかったわけだ。 ,鞄[かばん]
脇,第三の被害者と目される『彼女』が発見されたのは、正確には、通学路_____のガードレールの向こう側にある、なんだかよくわからない掘っ立て小屋の中だった。 　,脇[きょう]
ストラップ,まるで、吸血鬼に襲われた際、口本ちゃんが慌てて、取るものも取りあえず、そんな単語を暗記しようとしたかのように」 　臥煙さんはこともなげにそう言いつつ、_____のついた女子高生のスマートフォンをいじっていた──残念ながらロックがかかっているようで、通信機器の扱いには長けている専門家も、その内部を分析することはできないらしかった。 　,ストラップ[ストラップ]
緻密,我ながら成長がなくて嫌になる……、吸血鬼化に失敗した木乃伊に血を吸われて、それで吸血鬼化するのかどうかは知らないけれど、危うく十七歳の春休みの、正確無比で_____な再現をしてしまうところだった。 　,緻密[ち‐みつ]
読書,「ところで、口本ちゃんは今時感心な_____家だったみたいで、鞄の中にはエラリー・クイーンの著作が入っていたよ。『,読書[どく‐しょ]
放る,受験の頃に、さんざんお世話になったものだ──_____投げてきた。 　,放る[はなり]
幸い,もしも監督やキャプテンから『才能がないからもうやめろ』と冷酷に宣告されたなら、これ_____と喜びいさんで身を引くだろうけれど、残念ながら、スパルタ式の女子バスケットボール部は、それもどうやらスーパースター在籍時代の名残らしいのだけれど、連帯感も強かった。 　,幸い[さい‐わい]
木乃伊,なにせ_____だ、触ったらぽろっと崩れてしまうんじゃないかという不安もあるので、相当慎重な手つきを心掛けたけれど、そのかさかさの肌は、思ったよりも弾力に富んでいた。 　,木乃伊[ミイラ]
変哲,臥煙さん」 　素人目には、何の_____もないストラップにしか見えない。,変哲[へん‐てつ]
突っ伏す,しかしいいニュース──がらんどうの教室の中に、たったひとり、本を読むでもなくスマートフォンをいじるでもなく、机に_____て眠るでもなく、ただぼんやーりと座っている、目的の学生がいた。 ,突っ伏す[つっ‐ぷ・す]
薹,_____が立ったおねーさんが知らないだけの、単なるブームなのかもしれない」 　一人目の被害者である貼交ちゃんのスマートフォンには、何の装飾も施されていなかったわけだしね──と、臥煙さんは慎重に、そんなエクスキューズをつけた上で、「しかし」と続けた。 ,薹[とう]
殊勝,せめて午後からの講義だけでも受けようという、大学生として_____な心掛けではなく、残されていたリビング・メッセージの解読、その心当たりを訪ねるためだ。 　,殊勝[しゅ‐しょう]
ブーム,薹が立ったおねーさんが知らないだけの、単なる_____なのかもしれない」 　一人目の被害者である貼交ちゃんのスマートフォンには、何の装飾も施されていなかったわけだしね──と、臥煙さんは慎重に、そんなエクスキューズをつけた上で、「しかし」と続けた。 ,ブーム[ブーム]
がる,「もしかすると、直江津高校の女子生徒だという以外にも、被害者には共通点があるのだとしたら──そのミッシング・リンクを特定することが、同時に正体不明の吸血鬼の特定にも繫_____可能性はあるね」,がる[ガル]
後目,005 　臥煙さんが手配した救急車で、第三の木乃伊である口本教実ちゃんが、前の二体の木乃伊と同じく、直江津総合病院に運ばれていくのを_____に、僕は単身、曲直瀬大学へと向けてニュービートルを走らせた。 　,後目[しり‐め]
意中,都合よく、本日の五時限目は、_____の暗号学だった──なので、間違いなく命日子は出席しているはずだ。 　,意中[い‐ちゅう]
装飾,薹が立ったおねーさんが知らないだけの、単なるブームなのかもしれない」 　一人目の被害者である貼交ちゃんのスマートフォンには、何の_____も施されていなかったわけだしね──と、臥煙さんは慎重に、そんなエクスキューズをつけた上で、「しかし」と続けた。 ,装飾[そう‐しょく]
筆致,とは言え、白紙に近いと思われた口本ちゃんの単語帳の、裏面のほうはみっちり使い込まれているなんて奇妙なことはなく、裏も表と同様にほぼ白紙で──ただし、命日子の指摘通り、『Ｂ７７７Ｑ』と記された最初の一枚の裏面にだけは、表面よりも更に乱れた_____で、『２３１』と記されていた──『２３１』？ ,筆致[ひっ‐ち]
疎遠,チームメイトとは帰る方向がばらばらで、クラスの友人達とは帰る時間が一致するわけもなく（正直なところ、部活動があまりにハード過ぎて、クラスの友人達とは、_____になりつつある）、安全とは言えない女子のひとり下校だけれど、彼女はもう、いっそ暴漢が襲ってきてくれないだろうか、などと考えている。 　,疎遠[そ‐えん]
密か,ほんの数ヶ月前まで、ひょっとすると自分は神童なんじゃないかと_____に自己評価していたのが恥ずかしいくらい、私立進学校に集結された皆さんは、成績優秀でいらっしゃった……、わたしは直江津高校始まって以来の落ちこぼれになるんじゃないかと、そんな風に落ち込むほど。 　,密か[ひそ‐か]
滅茶苦茶,わたしの人生を_____にして。 　,滅茶苦茶[めちゃ‐くちゃ]
下降,成績も_____の一途を辿っている。 　,下降[か‐こう]
連帯感,もしも監督やキャプテンから『才能がないからもうやめろ』と冷酷に宣告されたなら、これ幸いと喜びいさんで身を引くだろうけれど、残念ながら、スパルタ式の女子バスケットボール部は、それもどうやらスーパースター在籍時代の名残らしいのだけれど、_____も強かった。 　,連帯感[れん‐たい]
実証,だいたい、そのスーパースターの先輩にしたって、最終的には左腕を怪我して早期引退したというのだから、スパルタ式のトレーニングには何の意味もないどころか逆効果であると_____されているようなものじゃないか……、なのにどうして、未だあの部では、兎跳びが採用されているのだろう。 　,実証[じっ‐しょう]
下校,チームメイトとは帰る方向がばらばらで、クラスの友人達とは帰る時間が一致するわけもなく（正直なところ、部活動があまりにハード過ぎて、クラスの友人達とは、疎遠になりつつある）、安全とは言えない女子のひとり_____だけれど、彼女はもう、いっそ暴漢が襲ってきてくれないだろうか、などと考えている。 　,下校[げ‐こう]
早期,だいたい、そのスーパースターの先輩にしたって、最終的には左腕を怪我して_____引退したというのだから、スパルタ式のトレーニングには何の意味もないどころか逆効果であると実証されているようなものじゃないか……、なのにどうして、未だあの部では、兎跳びが採用されているのだろう。 　,早期[そう‐き]
高じる,暗号マニアが_____て数学科に入学したような奴で、今日は休講になってしまっているが、この暗号学の講義を担当する教授からも評価の高い、一年生の希望の星だ。 　,高じる[こう・じる]
集結,ほんの数ヶ月前まで、ひょっとすると自分は神童なんじゃないかと密かに自己評価していたのが恥ずかしいくらい、私立進学校に_____された皆さんは、成績優秀でいらっしゃった……、わたしは直江津高校始まって以来の落ちこぼれになるんじゃないかと、そんな風に落ち込むほど。 　,集結[しゅう‐けつ]
辿る,成績も下降の一途を_____ている。 　,辿る[たど・る]
暴漢,ああ、だから_____に襲われたい。 　,暴漢[ぼう‐かん]
愚考,到着したところで、別行動の際に聞いていた、臥煙さんのＰＨＳの番号に連絡し、口本ちゃんが運び込まれた病室の場所を教えてもらう──三人目の木乃伊なのだから、もうみんな同じ大部屋に入院させてしまえばいいんじゃないかと僕は_____したけれど、どうやら臥煙さんとしては、むしろバラバラにしておきたいらしかった。 　,愚考[ぐ‐こう]
脇に置い,ともあれ、第三の木乃伊、口本教実ちゃんが残したリビング・メッセージについての解読作業は、いったんここで_____て……、僕としては、この病室に這入ったとき、臥煙さんが浮かない顔をしていたことのほうが気にかかっていた。 　,脇に置い[きょう]
這入る,ともあれ、第三の木乃伊、口本教実ちゃんが残したリビング・メッセージについての解読作業は、いったんここで脇に置いて……、僕としては、この病室に_____たとき、臥煙さんが浮かない顔をしていたことのほうが気にかかっていた。 　,這入る[はい・る]
総毛立つ,まあ、女子生徒達の関係者（主に家族か）が、変に情報を共有してしまえば、それが大騒ぎに繫がりかねない──あくまでそれぞれを『原因不明の奇病』として、個別に扱うことで、プライバシー保護の名目で、_____ほど恐るべき怪奇現象を、パニックを避けて秘密裏に処理できるわけだ。 　,総毛立つ[そうけ‐だ・つ]
更なる,と訊かれれば、お手上げするしかなかったのだが、しかしなんでも知ってるおねーさんは、 「…………」 　と、_____追及をするでもなく、しかして感想を述べるでもなく、口元に手を当て、静かに考え込むような仕草を見せた。 　,更なる[さら‐なる]
かたわら,お早いお帰りだったね」 　前のふたり同様に、患者衣を着せられ、ベッドに横たえられた口本ちゃんの_____で、何らかのまじないを施していた（吸血鬼封じ？）,かたわら[かた‐わら]
憂い,お礼は言いつつも、決して臥煙さんの表情から_____が払拭されたわけではなかったので、僕がもたらしたのは、朗報ではなく凶報だったかもしれないけれど、しかし、僕の不在中に起こった不都合については、興味を示さないわけにはいかなかった。 ,憂い[う・い]
なる,と訊かれれば、お手上げするしかなかったのだが、しかしなんでも知ってるおねーさんは、 「…………」 　と、更_____追及をするでもなく、しかして感想を述べるでもなく、口元に手を当て、静かに考え込むような仕草を見せた。 　,なる[ナル]
サブ,モーリス・ルブランの小説のタイトルは、確か『３１３』だったかな」 「わざわざ裏面に書かれていることから、暗号ではなく、ヒントとなる_____キーだと解釈すべきだそうです……、単純に、順番を示しているんじゃないかと」 「順番。,サブ[サブ]
奇病,まあ、女子生徒達の関係者（主に家族か）が、変に情報を共有してしまえば、それが大騒ぎに繫がりかねない──あくまでそれぞれを『原因不明の_____』として、個別に扱うことで、プライバシー保護の名目で、総毛立つほど恐るべき怪奇現象を、パニックを避けて秘密裏に処理できるわけだ。 　,奇病[き‐びょう]
侮れる,「そこまで十秒で解読したと言うのなら、最近の大学生も_____ないね。,侮れる[あなど・る]
おなじみ,ウノで_____」 「ウノで_____かどうかはわかりませんが」 『６』と『９』だ。 　,おなじみ[お‐なじみ]
朗報,こちらではひとつ不都合が起こったので、_____が欲しい」 「へえ。,朗報[ろう‐ほう]
フレキシブル,006 　命日子に、お礼にお茶でもおごろうかと言ったのだけれど、次の講義があるからと丁重に断られた──次の講義があるのは僕も同じだったが、しかし僕は命日子と違って、_____だ。,フレキシブル[フレキシブル]
買い被る,あまりおねーさんを_____ないでくれるかな、若者に失望されるのは辛いんだ。『,買い被る[かい‐かぶ・る]
勿体ぶる,分解すると、『Ｂ』と『Ｑ』に、スリーセブンが挟まれているという構造なわけですが、では、このアルファベットの『Ｂ』と『Ｑ』に共通する特徴はなんでしょうか──なんて、臥煙さん相手に_____ても始まりませんよね」 「いや、楽しんでいるよ。,勿体ぶる[もったい‐ぶ・る]
を,『Ｄ／Ｖ／Ｓ』は、ひょっとして専門家の使う専門用語なのだろうか……、たとえば『ドラキュラ・ヴァンパイア・死なない』の略とか……、そんな馬鹿なこと_____考えた僕_____窘めるように、 「略語は略語でも、これはイニシャルだよ、こよみん」 　と、臥煙さんは言った。 ,を[を]
サブキーだ,モーリス・ルブランの小説のタイトルは、確か『３１３』だったかな」 「わざわざ裏面に書かれていることから、暗号ではなく、ヒントとなる_____と解釈すべきだそうです……、単純に、順番を示しているんじゃないかと」 「順番。,サブキーだ[サブ]
略語,『Ｄ／Ｖ／Ｓ』は、ひょっとして専門家の使う専門用語なのだろうか……、たとえば『ドラキュラ・ヴァンパイア・死なない』の略とか……、そんな馬鹿なことを考えた僕を窘めるように、 「_____は_____でも、これはイニシャルだよ、こよみん」 　と、臥煙さんは言った。 ,略語[りゃく‐ご]
素因数分解,「暗号学の専攻を希望していると言っても、あくまでその友人は、僕と同じ数学科の大学生ですから、こうした数字の並びを見てみれば、_____したくなるのが性だそうでしてね」 「厄介な性だね」 「ええ。,素因数分解[そいんすう‐ぶんかい]
またぐ,どころか、学年を_____で生徒名を把握しているほど、学校になじんでもいなかった……、現二年生ということは、僕が三年生のときの一年生か。 　,またぐ[マタイ]
道しるべ,僕が遥々大学まで出向いて、友人を煩わせてまで得てきた情報よりも、よっぽど具体的で、よっぽど事件解決への_____となりそうな手がかりなのだが……。 ,道しるべ[みち‐みち・し]
請け合う,母親に似て社交的なあの子なら、現役の後輩をまさかひとりも知らないってことはないだろう──できれば、全部員のリストが欲しいところだね」 「了解です」 　と、_____たものの、気が重いのは否めなかった。,請け合う[うけ‐あ・う]
偽名,私は駿河には、もう関わるべきじゃあないからね」 　それがつまり、『こよみんにあらかじめ声をかけておいてよかった』という前言の意味だろう……、以前、怪異絡み、それも吸血鬼絡みの事件で、神原の『左腕』の力を借りざるを得なかったときも、臥煙さんは_____を名乗っていたくらいだ。 　,偽名[ぎ‐めい]
おっかなびっくり,意識こそないが、死んではいない……、噓だと思うなら、確かめてみなよ」 「確かめてって……」 　言われて、僕は、_____、眠れる木乃伊の心臓へと手を伸ばす──触れる直前で、「ちょい待ち、こよみん」と窘められた。 ,おっかなびっくり[おっかな‐びっくり]
襲う,三叉路に差し掛かったそのとき、背後から暴漢が_____やすいように、あえてスマートフォンの画面を見ながら歩いていた、否、痛む両足をずるずる引きずっていた貼交帰依に、正々堂々、真正面から声がかかった。 　,襲う[おそ・う]
願う,何度_____ても、何日_____続けても。 　,願う[ねが・う]
大小,にもかかわらず（そんな欲求不満に陥るくらいには）ここのところ、_____かかわらず病院から遠ざかっていたのは、まだ高校に通っていた頃の十七歳の春休みに、背筋も凍るほどに美しい、金髪金眼の吸血鬼に血を吸われ、ほんの二週間ほど吸血鬼と化して以来、その後遺症で、僕は怪我とも疾病ともほぼ無縁になったからだ。 　,大小[だい‐しょう]
ずるずる,三叉路に差し掛かったそのとき、背後から暴漢が襲いやすいように、あえてスマートフォンの画面を見ながら歩いていた、否、痛む両足を_____引きずっていた貼交帰依に、正々堂々、真正面から声がかかった。 　,ずるずる[ずる‐ずる]
じきじき,華やかなキャンパスライフを送るためには、用心して用心し過ぎるということはない……、にもかかわらず、このたび、こうして直江津総合病院に足を運んだ理由は、僕が実の親よりも頭の上がらない大人から、_____に呼び出しを受けたからだ。 　,じきじき[じき‐じき]
親しむ,年齢不詳のこの人なら、たとえ僕が成人したって、親しみを込めて『こよみん』と呼び続けてくれそうだ……、ところで、『死んだ人間でもない』とは？ ,親しむ[したしみ]
利口,そうだ、神童ではなくとも、わたしはそこそこのお_____さんではあったはずなんだ。 　,利口[り‐こう]
遠ざかる,にもかかわらず（そんな欲求不満に陥るくらいには）ここのところ、大小かかわらず病院から_____ていたのは、まだ高校に通っていた頃の十七歳の春休みに、背筋も凍るほどに美しい、金髪金眼の吸血鬼に血を吸われ、ほんの二週間ほど吸血鬼と化して以来、その後遺症で、僕は怪我とも疾病ともほぼ無縁になったからだ。 　,遠ざかる[とお‐ざか・る]
決死,_____にして必死にして万死の吸血鬼だ」 　希望が叶った。,決死[けっ‐し]
幻想,現実じゃなくても……、_____でもいい。 　,幻想[げん‐そう]
白衣,と言っても僕、阿良々木暦は、取り立てて注射が嫌いだというわけでもないし、_____恐怖症でもない──_____はむしろ好きだ。,白衣[しろ‐きぬ]
エチケット,譲れない_____でもあるがごとく。 ,エチケット[エチケット]
金眼,にもかかわらず（そんな欲求不満に陥るくらいには）ここのところ、大小かかわらず病院から遠ざかっていたのは、まだ高校に通っていた頃の十七歳の春休みに、背筋も凍るほどに美しい、金髪_____の吸血鬼に血を吸われ、ほんの二週間ほど吸血鬼と化して以来、その後遺症で、僕は怪我とも疾病ともほぼ無縁になったからだ。 　,金眼[きん‐め]
万死,決死にして必死にして_____の吸血鬼だ」 　希望が叶った。,万死[ばん‐し]
つくづく,そう、たとえば妖怪変化でも── 「この国に来て_____思うが……、『いただきます』って挨拶ほど、いただけねえ文句はねえよなあ……、ごちそうさまって挨拶なんて、まるでお粗末だぜ」 　と。 　,つくづく[つく‐づく]
骨格,しかも、ヒトの」 　高校生の頃、猿の木乃伊というのを見たことがあったけれど、_____や、頭部に残った髪の毛を見る限り、からからに干からびてはいても、この木乃伊が人間であることは間違いがない。 　,骨格[こっ‐かく]
直視,本当は、そう広くはないこの個室に這入った時点から、その『患者』のことは視界に入っていたのだけれど、正直、_____するのが難しかった──反射的に目を逸らしてしまった。 　,直視[ちょく‐し]
看過,だけれど、専門家ならざる僕としては、ちっとも_____できない台詞である。 　,看過[かん‐か]
見解,この患者を」 　第四病棟五階の一室で、まるで医者みたいな口振りで、臥煙さんは言う──僕の_____を求めてくる。,見解[けん‐かい]
視界,本当は、そう広くはないこの個室に這入った時点から、その『患者』のことは_____に入っていたのだけれど、正直、直視するのが難しかった──反射的に目を逸らしてしまった。 　,視界[し‐かい]
メンタル,まさしく、夜になったら、あいつも起きてくると思うんですが」 　神原と同様に、死屍累生死郎の復活に際しては、忍野忍にも働いてもらったものだけれど、しかしながら、あの_____の弱い幼女は、とても役に立ったとは言えなかった。 　,メンタル[メンタル]
整える,「じゃあ、なんにせよ僕は、これから神原と会うよう、手筈を_____ますよ。,整える[ととの・う]
実に,まあ、汲むべき事情もあるから、一概にそれを批難するわけにもいかないし、そのつもりもないのだけれど、あのときの反省を賢_____生かすなら、あいつのことはあらかじめハブっておくべきかもしれない。 　,実に[げ‐に]
賜物,ちなみに、後遺症の_____で、僕は臥煙さんみたいに計画的に睡眠を取らなくても、一徹や二徹くらいでは、そんなにこたえない。,賜物[たま‐もの]
丸一,_____日以上、彼女は行方不明になっていたってわけさ──家族に連絡して、それが判明した。,丸一[まる‐いち]
直行,神様にも立場ってものがあるからな──友情に訴えて、もしもあいつが神の座から転落すると、あの迷子は迷うことなく、そのまま地獄に_____してしまうのだ。 　,直行[ちょっ‐こう]
賢,まあ、汲むべき事情もあるから、一概にそれを批難するわけにもいかないし、そのつもりもないのだけれど、あのときの反省を_____実に生かすなら、あいつのことはあらかじめハブっておくべきかもしれない。 　,賢[かしこ]
手筈,「じゃあ、なんにせよ僕は、これから神原と会うよう、_____を整えますよ。,手筈[て‐はず]
むさぼる,「こよみんや捜索隊のみんなが働いてくれているところに申しわけないけれど、私は病院の空きベッドを使わせてもらって、午睡を_____よ──夜に活動しなくちゃならないからね。,むさぼる[むさ‐ぼ・る]
敷く,北白蛇神社の参道には、地獄への直通道路が_____れている。 　,敷く[し・く]
アポ,命日子と違って、受験生の神原が相手なら、電話で_____を取ってから向かうほうがいいだろう……、いっそ電話で済ませられるか？　,アポ[アポ]
直通,北白蛇神社の参道には、地獄への_____道路が敷かれている。 　,直通[ちょく‐つう]
もろい,かは不明だけれど、どちらにしても凶行は夜のことだ──吸血鬼らしく、太陽が昇ってからの日中は休憩して、また夜が訪れたら、今度は自宅の自室にいた、直江津高校二年生、本能あぶりちゃんの首筋に嚙みついた」 　順列は入れ替わったが、しかし、どちらにせよ、一日あたりひとりの被害者という、それでもハイペースだと考えられていた仮説は、_____も崩壊したわけだ──今更ながら、うん、あまりいい情報ではない。 　,もろい[もろ・い]
土台,僕の影に封じられて、半吸血鬼化ならぬ半奴隷化しているとは言え、_____、こちらの思う通りに働いてくれる奴じゃないのだ。 ,土台[ど‐だい]
汲む,まあ、_____べき事情もあるから、一概にそれを批難するわけにもいかないし、そのつもりもないのだけれど、あのときの反省を賢実に生かすなら、あいつのことはあらかじめハブっておくべきかもしれない。 　,汲む[く・む]
板挟み,それこそ、_____になっちゃうかもしれませんし」 「だね。,板挟み[いた‐ばさみ]
路地,きもあれば、そうでないときもある──ただし、吸血鬼が死屍累生死郎みたいな、超イケメンの八頭身で年収五億円だったら、入室を拒否できる女子高生はいないだろう」 　死屍累生死郎の年収が五億円だったかどうかは定かではないが、まあ、それもまた真理であり、摂理か……、あるいは口本教実ちゃんに対する推測と同じで、正体不明の吸血鬼は、_____で吸血した女子高生が、木乃伊化したのちに、彼女を自室へと運び込んだのかもしれない……、やはりどうしてそんなことをしたのかは、謎のままだが。 ,路地[ろ‐じ]
崩れる,なにせ木乃伊だ、触ったらぽろっと_____てしまうんじゃないかという不安もあるので、相当慎重な手つきを心掛けたけれど、そのかさかさの肌は、思ったよりも弾力に富んでいた。 　,崩れる[くずれ]
転落,神様にも立場ってものがあるからな──友情に訴えて、もしもあいつが神の座から_____すると、あの迷子は迷うことなく、そのまま地獄に直行してしまうのだ。 　,転落[てん‐らく]
久しい,「もっとも、神原も女子バスケットボール部を引退して_____ですから、生きた情報を持っているかどうかは怪しいかもしれませんよ」 「それでも頼むよ。,久しい[ひさし・い]
干からびる,しかも、ヒトの」 　高校生の頃、猿の木乃伊というのを見たことがあったけれど、骨格や、頭部に残った髪の毛を見る限り、からからに_____てはいても、この木乃伊が人間であることは間違いがない。 　,干からびる[ひ‐から・びる]
掘っ立て,あの_____小屋では、僕はぱらぱらめくっただけで、それでほぼ白紙だと判断したけれど、そうか、単語帳なのだから、裏面にも筆記スペースはあるのだった……。 　,掘っ立て[ほっ‐たて]
しぶしぶ,むしろそのほうがよかったくらいなんですけれど……、だから、雰囲気が悪くなったんです」 「雰囲気が──」 「明るく楽しい、連帯感のある女子バスケットボール部じゃなくなったということだ」 　神原が、彼女らしくもなく、いかにも_____、説明した。 ,しぶしぶ[しぶ‐しぶ]
卓,怪しいものは混入させていないから、安心して飲んでくれ」 「その注釈はいらないだろう」 「あははははははははは」 　単なる笑い上戸なのかもしれない日傘ちゃんは、噓みたいに散らかった部屋で、初対面の先輩と_____を囲んでくつろぐことに、さほど抵抗がないようだった──さすがは神原の友人、さばさばしている。 ,卓[しょく]
予定調和,そこまではある意味で_____で、驚愕にも仰天にも値しない──問題は、更に追加であと二名、『行方不明』の女子生徒がいるらしいという事実なのだった。 　,予定調和[よてい‐ちょうわ]
求める,阿良々木変態にそこまで_____のは……」 　なんだか不穏な文言に僕が首を傾げたところ、神原が友人を窘めるように言った──お前も僕を阿良々木変態って言ってるぞ。 　,求める[もと・める]
掲げる,言うまでもないことですけれど、これって、女子高生百人分の個人情報なんですよね」 　名簿を_____たままで、日傘ちゃんは笑顔で言う。 　,掲げる[かか・げる]
横合い,そして私の阿良々木先輩と、あんまり仲良く楽しそうに話すな」 　_____から『るがー』が器量の狭さを発揮した。 　,横合い[よこ‐あい]
せ,おめず臆_____ず。 　,せ[せ]
ぽつり,なんでもいいけれど、それなら、臥煙さんが_____と、あるいはうっかりと漏らしていた、『イニシャル』という仮説とも合致する──被害者が『犯人』のイニシャルを残したのではなく、『犯人』が被害者の手の内に、自身のイニシャルを残したのでは？ 　,ぽつり[ぽつり]
め,お_____ず臆せず。 　,め[め]
血みどろ,「それなのに、私が_____のリスクを冒してまで、阿良々木先輩にこのマル秘の名簿をお貸しするのは、直江津高校女子バスケットボール部の現状を、あなたなら打破してくれるんじゃないかと期待しているからです」 「……？　,血みどろ[ち‐みどろ]
ガサツ,_____なるがーと違って」 　そうは思えないけれど。 　,ガサツ[がさつ]
名高い,「ただでさえただでは済まないのに、ましてその記録を変態と_____阿良々木先輩に手渡すとなると……」 「変態と_____？」 ,名高い[な‐だか・い]
明後日,お祖父ちゃんとお祖母ちゃんは旅行中で、_____まで留守だけれど、私でもお茶くらいは入れられる」 「え。,明後日[あさって]
あらまし,なるほど、事前に電話で用件の_____を告げていたから、手回しをしてくれていたらしい。 　,あらまし[あらまし]
叔母さん,左腕に抱えていた問題も解決し、神原の奴は元気潑剌絶好調みたいだし、ならばさっさと用件を片付けて、お暇しよう──先輩が親戚の_____と遊んでいることがバレる前に。 ,叔母さん[おば‐さん]
むざむざ,ともあれ、どうやらふたりの元キャプテンの間でも、意見は一致していないようだけれど、そこまで聞いてしまって、_____引き下がれる阿良々木変態ではない。 　,むざむざ[むざ‐むざ]
屋敷,しているうちに、ニュービートルは神原の住まう日本_____に到着……、自転車の魅力から、未だ自由になったわけではない僕だけれど、やはり自動車の機動力は桁が違う──移動中に推理推測をする暇もない。 　,屋敷[や‐しき]
合致,なんでもいいけれど、それなら、臥煙さんがぽつりと、あるいはうっかりと漏らしていた、『イニシャル』という仮説とも_____する──被害者が『犯人』のイニシャルを残したのではなく、『犯人』が被害者の手の内に、自身のイニシャルを残したのでは？ 　,合致[がっ‐ち]
あり,臥煙さんの巧みな情報操作、そして悪巧みな情報封鎖の成果と言うべきか、木乃伊と化したそれぞれの女子生徒は『奇病』という扱いになっているので、家族としてもそれをおおっぴらにしてはいないだろう──だから、三人とも理由の曖昧な、外部からは事情のうかがいしれない、いわく_____げな欠席扱いになる。 ,あり[あり]
冒す,「それなのに、私が血みどろのリスクを_____てまで、阿良々木先輩にこのマル秘の名簿をお貸しするのは、直江津高校女子バスケットボール部の現状を、あなたなら打破してくれるんじゃないかと期待しているからです」 「……？　,冒す[おか・す]
不穏,阿良々木変態にそこまで求めるのは……」 　なんだか_____な文言に僕が首を傾げたところ、神原が友人を窘めるように言った──お前も僕を阿良々木変態って言ってるぞ。 　,不穏[ふ‐おん]
天才,まあ、羽川ならできるだろうし、命日子もできるだろう……、口本教実ちゃんが、古今まれに見る_____児だった線は一応残すにしても、しかし、あの白紙の単語帳を見る限り、やっぱり勉強熱心な優等生だったとは思いにくい……。 　,天才[てん‐さい]
弱小,神原とか日傘ちゃんとかの、黄金世代が抜けたあと」 　もうちょっと言葉を選ぶべきかもしれなかったが、しかし語彙の少ない僕には、他の表現が思いつかなかった──_____化。 　,弱小[じゃく‐しょう]
ぶる,「と言っても、噂を聞いているだけに、私、_____っちゃってます。,ぶる[ブル]
仰天,そこまではある意味で予定調和で、驚愕にも_____にも値しない──問題は、更に追加であと二名、『行方不明』の女子生徒がいるらしいという事実なのだった。 　,仰天[ぎょう‐てん]
委細,知ってますから」 　慌てる僕に、_____承知とばかりに、日傘ちゃんはそう言った──できた後輩に、できた友人がいるようだ。,委細[い‐さい]
臆,おめず_____せず。 　,臆[おく]
巧む,臥煙さんの巧みな情報操作、そして悪巧みな情報封鎖の成果と言うべきか、木乃伊と化したそれぞれの女子生徒は『奇病』という扱いになっているので、家族としてもそれをおおっぴらにしてはいないだろう──だから、三人とも理由の曖昧な、外部からは事情のうかがいしれない、いわくありげな欠席扱いになる。 ,巧む[たくみ]
封鎖,臥煙さんの巧みな情報操作、そして悪巧みな情報_____の成果と言うべきか、木乃伊と化したそれぞれの女子生徒は『奇病』という扱いになっているので、家族としてもそれをおおっぴらにしてはいないだろう──だから、三人とも理由の曖昧な、外部からは事情のうかがいしれない、いわくありげな欠席扱いになる。 ,封鎖[ふう‐さ]
サツ,ガ_____なるがーと違って」 　そうは思えないけれど。 　,サツ[さつ]
たく,数字が具体的に示されたことで、不特定多数の被害者を想定していたときよりも、途方に暮れ_____なった。 　,たく[たく]
肌,授業についていけなくなって、偏差値第一主義の校風が_____に合わなくって、落ちこぼれた生徒がどうなったかを一言で言えば、『いなくなった』──である。 　,肌[き]
囲む,怪しいものは混入させていないから、安心して飲んでくれ」 「その注釈はいらないだろう」 「あははははははははは」 　単なる笑い上戸なのかもしれない日傘ちゃんは、噓みたいに散らかった部屋で、初対面の先輩と卓を_____でくつろぐことに、さほど抵抗がないようだった──さすがは神原の友人、さばさばしている。 ,囲む[かこ・む]
混入,怪しいものは_____させていないから、安心して飲んでくれ」 「その注釈はいらないだろう」 「あははははははははは」 　単なる笑い上戸なのかもしれない日傘ちゃんは、噓みたいに散らかった部屋で、初対面の先輩と卓を囲んでくつろぐことに、さほど抵抗がないようだった──さすがは神原の友,混入[こん‐にゅう]
長居,あの散らかった部屋を許容してくれる、同格の友人が神原にいることを知って、僕としてもひと安心だった──さて、とは言え_____は無用だ。 　,長居[なが‐い]
領分,変態は私の_____だぞ。,領分[りょう‐ぶん]
校風,授業についていけなくなって、偏差値第一主義の_____が肌に合わなくって、落ちこぼれた生徒がどうなったかを一言で言えば、『いなくなった』──である。 　,校風[こう‐ふう]
養う,いや、僕が考えつく程度の、その程度の可能性に、あの臥煙さんが思い至っていないはずもない……、たとえそうでなくとも、夜に向けて英気を_____ているあの人を、叩き起こしてまで検討すべき仮説ではないだろう。 　,養う[やしな・う]
流出,そのときは私の血液が_____します」 　冗談で言っているのだろうけれど、今日だけで血液を吸い尽くされた木乃伊を三体、目にしている僕としては、とても『あははははははははは』とは、笑えない。 ,流出[りゅう‐しゅつ]
早計,ここでその二名も、吸血鬼の被害に遭っているとまで考えるのはさすがに_____だけれど、しかし、たとえそうでなかったにせよ、生徒が五人も『行方不明』になっているとなれば、既に十分過ぎるほど大事件じゃないか──と、既に高校を卒業した僕辺りは思うが、しかし、在学中のあれこれを思い起こしてみれば、必ずしもそうではないと結論づけざるを得ない。 　,早計[そう‐けい]
直結,それに、もしも女子バスケットボール部が今、何かトラブルを抱えているのだとすれば、それが案外、今回の連続木乃伊事件の原因に_____している可能性だってある。 ,直結[ちょっ‐けつ]
文言,008 　神原の家に向けてアクセルを踏み込みつつ、僕は、あの単語帳に記されていた_____は、リビング・メッセージではなかったんじゃないかという可能性について考えていた。 ,文言[ぶん‐げん]
有無,名前と住所と連絡先だけでなく、身長と体重とスリーサイズとパートナーの_____まで記録されています」 「手間をかけさせてしまって申し訳ないけれど、日傘ちゃん、その部分は黒塗りにしておいてもらっていいかな？」 ,有無[う‐む]
許容,あの散らかった部屋を_____してくれる、同格の友人が神原にいることを知って、僕としてもひと安心だった──さて、とは言え長居は無用だ。 　,許容[きょ‐よう]
惨憺,うん、つい先日掃除したはずのこの部屋の_____たる現状を見れば、それが友人を立てるための謙遜じゃないってわかるよ。 　,惨憺[さん‐たん]
英気,いや、僕が考えつく程度の、その程度の可能性に、あの臥煙さんが思い至っていないはずもない……、たとえそうでなくとも、夜に向けて_____を養っているあの人を、叩き起こしてまで検討すべき仮説ではないだろう。 　,英気[えい‐き]
手際,こちらに資料を用意しております」 　日傘ちゃんがスクールバッグから、表紙の硬そうなファイルを_____よく取り出した──まるでクラスの出席簿みたいだけれど、文脈から考えて、それは部活動の名簿なのだろう。 ,手際[て‐ぎわ]
途方,数字が具体的に示されたことで、不特定多数の被害者を想定していたときよりも、_____に暮れたくなった。 　,途方[と‐ほう]
暮れる,僕は右手首に巻いた腕時計を確認し、現在時刻が高校の六時間目、その最中であることを確認する──この分なら日が_____前に、神原と会うことも可能か。 　,暮れる[くれ]
窘める,意識こそないが、死んではいない……、噓だと思うなら、確かめてみなよ」 「確かめてって……」 　言われて、僕は、おっかなびっくり、眠れる木乃伊の心臓へと手を伸ばす──触れる直前で、「ちょい待ち、こよみん」と_____られた。 ,窘める[たしな・める]
悟る,_____た振りをしているつもりもない。 　,悟る[さと・る]
空虚,「空気が_____に、ね。,空虚[くう‐きょ]
母校,思わぬところで_____の名前が出てきたことに内心面喰いつつも、僕は臥煙さんに、言わずもがなのことを確認する。,母校[ぼ‐こう]
つかの間,部活動を終えての下校中、ばったり遭遇してしまったらしい」 「_____の平和でしたね」 　そんなコメントしか出てこなかった。 　,つかの間[つか‐の‐ま]
かさかさ,なにせ木乃伊だ、触ったらぽろっと崩れてしまうんじゃないかという不安もあるので、相当慎重な手つきを心掛けたけれど、その_____の肌は、思ったよりも弾力に富んでいた。 　,かさかさ[かさ‐かさ]
徐々に,_____、僕がここに呼び出された理由が判明してきた。 ,徐々に[おもむろ‐に]
違える,ぴっかぴっかの大学一年生である僕には、勤労やら結婚やらのテーマが、正しい意味では理解できないのと、ベクトルこそ違えど、きっと似たようなものだろう。 ,違える[たがえ]
とかく,まあ、直江津高校に限らず、私立高校って場所は、不祥事を_____伏せようとするから……。 　,とかく[と‐かく]
大いに,「_____あると思うね」 　やはりとっくに検討済みだった可能性のようで、臥煙さんは、僕からの提議に、あっさりとそう頷いた──イニシャルか。 ,大いに[おおい‐に]
否、核,神原世代という支柱が抜けたことで──_____が抜けたことで。 ,否、核[いな]
ご時世,この_____、そういうタイミングでもなければ、日傘ちゃんはそんな名簿の存在さえ、僕に教えてくれたとは思えない──けれど、これが必然なのか偶然なのかは、まだなんとも言えない。 　,ご時世[ご]
どぎまぎ,010 　いないと答えていたらどうなっていたんだろうと_____しつつ、初対面の女子高生にからかわれた己を恥じながら、僕は再び、直江津総合病院へと折り返した。 　,どぎまぎ[どぎ‐まぎ]
煩わす,ま、後輩に_____れるのは、先輩の宿命でもある。,煩わす[わずらわ・す]
積極的,「るがー本人は否定するでしょうけれど、はっきり言って、直江津高校の女バスは、神原駿河による神原駿河のための神原駿河の部活動でしたのでね……、入部当初から、私が_____にそう誘導した部分もありますし」 　と、日傘ちゃんは語った。 ,積極的[せっきょく‐てき]
あくせく,女子バスケットボール部が抱えるそんなトラブルが、現在、この町で起こっている吸血鬼騒動にダイレクトに関係があるのか、ないのか──日傘ちゃんとて、まさか僕が、そのトラブルを解決するために_____動いていると思っているわけじゃなかろうが。 ,あくせく[あく‐せく]
不祥事,まあ、直江津高校に限らず、私立高校って場所は、_____をとかく伏せようとするから……。 　,不祥事[ふしょう‐じ]
やつす,確かに、どうしてもう目指すべき先輩もいないのに、勉学を犠牲にしてまで過酷な練習に身を_____なくちゃならないんだと、鬱屈した気持ちを抱えていた女子バスケットボール部員達の心の闇が、吸血鬼を引き寄せたという仮説には、一定の説得力がある」 「怪異にはそれに相応しい理由がある──ですか」 「まあ、駿河が在籍していた時代にしたって、必ずしも健全で美しい青春時代だっ,やつす[やつ・す]
牽強付会,部活で悩みを抱える女子生徒が、高校生活に苦しむ女子高生が、同じように、『いっそ吸血鬼にでも襲ってもらえれば、楽になれるのに』なんて考えたんじゃないかと推理するのは、ならば_____が過ぎるのか、どうか……？ 　,牽強付会[けんきょう‐ふかい]
伏せる,まあ、直江津高校に限らず、私立高校って場所は、不祥事をとかく_____うとするから……。 　,伏せる[ふ・せる]
朴念仁,_____の僕が、そんな、女子同士のデリケートな問題に関われるとは思えないけれど──その名簿を貸してくれるなら、少なくともこれ以上、きみ達の後輩の中から行方不明のメンバーが出ないよう、全力を尽くすと約束する」 「そう言ってくれただけで十分です」 　日傘ちゃんこそ,朴念仁[ぼくねん‐じん]
生じる,ただ、女子バスケットボール部におけるこのたびのトラブルが、そんな中でもやや異質なのは、授業や試験の強度から_____トラブルではなく、トレーニングやチームワークから_____トラブルという点だろう。 ,生じる[しょう・じる]
故意,決して同じようには語れないにしても、僕も受験勉強をしていた頃、_____に何時間もぶっ続けで問題集に挑むことで、身体を壊す誘惑にかられたことがある──吸血鬼体質ゆえに、成果はあがらなかったけれど、しかしあのときはどうかしていたとしか言えない。 　,故意[こ‐い]
当初,「るがー本人は否定するでしょうけれど、はっきり言って、直江津高校の女バスは、神原駿河による神原駿河のための神原駿河の部活動でしたのでね……、入部_____から、私が積極的にそう誘導した部分もありますし」 　と、日傘ちゃんは語った。 ,当初[とう‐しょ]
入手,卒業生としてどんより暗い気持ちにはなったものの、結果だけ見れば、とんとん拍子で女子バスケットボール部のメンバーリストを_____できたので、臥煙さんはまだ夜に向けての仮眠中じゃないかと思ったけれど、誉めてもらえるんじゃないかと期待しながら着いてみると、専門家は既に活動中だった。 　,入手[にゅう‐しゅ]
安置,徹夜が辛いなんて言っていたけれど、偉人にありがちなように、この人もショートスリーパーなのだろうか……、ともあれ僕は、今日最初に訪れた病室である、直江津高校一年生にして女子バスケットボール部員、貼交帰依ちゃんの木乃伊が_____された個室で、さながら伝書鳩のように、臥煙さんへと持って帰ってきた情報を伝えた。 ,安置[あん‐ち]
核,神原世代という支柱が抜けたことで──否、_____が抜けたことで。 ,核[かく]
上下,体罰や行き過ぎた_____関係が横行していた時代を経験した指導者が、『今の時代には合わないかもしれないけれど、あれはあれでよかった』って、自説を曲げられないように。,上下[うえ‐した]
支柱,神原世代という_____が抜けたことで──否、核が抜けたことで。 ,支柱[し‐ちゅう]
鎧袖一触,現実という、現実問題という、動かしがたい障壁を_____に吹っ飛ばしてくれる、理解を超えた化物を──高校を卒業したのち、海外へと羽ばたいた羽川でもそうだったのだ。 　,鎧袖一触[がいしゅう‐いっしょく]
横行,体罰や行き過ぎた上下関係が_____していた時代を経験した指導者が、『今の時代には合わないかもしれないけれど、あれはあれでよかった』って、自説を曲げられないように。,横行[おう‐ぎょう]
届,退部_____を出して辞めたんじゃなくって、練習中に怪我をして辞めたんだけれど」 　わざと怪我をして辞めたのだろうと言いたげな日傘ちゃんだった……、その気持ちがわからないとは、僕には言えない。 　,届[とどけ]
偉人,徹夜が辛いなんて言っていたけれど、_____にありがちなように、この人もショートスリーパーなのだろうか……、ともあれ僕は、今日最初に訪れた病室である、直江津高校一年生にして女子バスケットボール部員、貼交帰依ちゃんの木乃伊が安置された個室で、さながら伝書鳩のように、臥煙さんへと持って帰ってきた情報を伝えた。,偉人[い‐じん]
心外,「それはちょっと_____だな。,心外[しん‐がい]
時世,このご_____、そういうタイミングでもなければ、日傘ちゃんはそんな名簿の存在さえ、僕に教えてくれたとは思えない──けれど、これが必然なのか偶然なのかは、まだなんとも言えない。 　,時世[じ‐せい]
仮眠,もちろん、リビング・メッセージもなのだけれど、しかしもしも例の単語帳に書かれていた『Ｂ７７７Ｑ』が署名なら、すべての木乃伊に、同様の暗号が残されていそうなものなのだ」 　そうなのか……、既にその点も検証済みとは、本当にこの人は、僕の不在中に_____を取ったのだろうか？ ,仮眠[か‐みん]
切望,しかし、もしもそんな強い_____が──あるいは絶望が、被害者同士を繫ぐミッシングリンクだったのだとすれば。 　,切望[せつ‐ぼう]
相応しい,確かに、どうしてもう目指すべき先輩もいないのに、勉学を犠牲にしてまで過酷な練習に身をやつさなくちゃならないんだと、鬱屈した気持ちを抱えていた女子バスケットボール部員達の心の闇が、吸血鬼を引き寄せたという仮説には、一定の説得力がある」 「怪異にはそれに_____理由がある──ですか」 「まあ、駿河が在籍していた時代にしたって、必ずしも健全で美しい青春時代だったわけじゃないはずだと、なんでも知ってるおねーさんは、知ったようなことを言わせてもらおうかな？　,相応しい[ふさわし・い]
成し遂げる,こよみんの安請け合いを_____ためにも、ここは張り切らないとね」 　まずは『行方不明』の残り二名の部員を、重点的に捜索しようか──と、臥煙さんは、僕が手渡した名簿をぱらぱらと一読してから、そんな風に方針を定めた。 ,成し遂げる[なし‐と・げる]
羽ばたく,現実という、現実問題という、動かしがたい障壁を鎧袖一触に吹っ飛ばしてくれる、理解を超えた化物を──高校を卒業したのち、海外へと_____た羽川でもそうだったのだ。 　,羽ばたく[は‐ばた・く]
暗い,卒業生としてどんより_____気持ちにはなったものの、結果だけ見れば、とんとん拍子で女子バスケットボール部のメンバーリストを入手できたので、臥煙さんはまだ夜に向けての仮眠中じゃないかと思ったけれど、誉めてもらえるんじゃないかと期待しながら着いてみると、専門家は既に活動中だった。 　,暗い[くら・い]
隣室,「ただ、ここにいる貼交帰依ちゃんの所持品や、_____の本能あぶりちゃんの所持品からは、それらしき署名は見つからなかった。,隣室[りん‐しつ]
偏差値第一,授業についていけなくなって、_____主義の校風が肌に合わなくって、落ちこぼれた生徒がどうなったかを一言で言えば、『いなくなった』──である。 　,偏差値第一[へんさ‐ち]
所在,009 　日傘ちゃんいわく、行方不明という表現は、いかにも僕のそそっかしい後輩らしい、やや大袈裟な捉えかたのようだが、要するに、現状_____の知れない部員が、一年二年を合わせて、五人いるとのことだった。 　,所在[しょ‐ざい]
騙す,問題は、るがーが左腕を怪我して引退したのちも、その仕組みがそのまんま受け継がれちゃったってことで……、私がキャプテンを務めているうちは、それでもどうにかこうにか__________、うまく回っていたんですが、四月に引退した途端、一気にガタがきちゃったみたいでして」 　高過ぎる目標、ハードなトレーニング、逃れられない同調圧力……。 　,騙す[だまし]
自説,体罰や行き過ぎた上下関係が横行していた時代を経験した指導者が、『今の時代には合わないかもしれないけれど、あれはあれでよかった』って、_____を曲げられないように。,自説[じ‐せつ]
過酷,確かに、どうしてもう目指すべき先輩もいないのに、勉学を犠牲にしてまで_____な練習に身をやつさなくちゃならないんだと、鬱屈した気持ちを抱えていた女子バスケットボール部員達の心の闇が、吸血鬼を引き寄せたという仮説には、一定の説得力がある」 「怪異にはそれに相応しい理由がある──ですか」 「まあ、駿河が在籍していた時代にしたって、必ずしも健全で美,過酷[か‐こく]
障壁,現実という、現実問題という、動かしがたい_____を鎧袖一触に吹っ飛ばしてくれる、理解を超えた化物を──高校を卒業したのち、海外へと羽ばたいた羽川でもそうだったのだ。 　,障壁[しょう‐へき]
切羽詰まる,これは天の恵みかと思いました」 　変態からアプローチがあったことを天の恵みと思うようでは、よっぽど_____ているけれど、さて、どうだろう。 　,切羽詰まる[せっぱ‐つま・る]
誘惑,決して同じようには語れないにしても、僕も受験勉強をしていた頃、故意に何時間もぶっ続けで問題集に挑むことで、身体を壊す_____にかられたことがある──吸血鬼体質ゆえに、成果はあがらなかったけれど、しかしあのときはどうかしていたとしか言えない。 　,誘惑[ゆう‐わく]
退部,_____届を出して辞めたんじゃなくって、練習中に怪我をして辞めたんだけれど」 　わざと怪我をして辞めたのだろうと言いたげな日傘ちゃんだった……、その気持ちがわからないとは、僕には言えない。 　,退部[たい‐ぶ]
小屋,掘っ立て_____に連れ込んで血を吸ったのか、それとも血を吸ってから掘っ立て_____に木乃伊を運び込んだのかは不明だけれど、どちらにしても凶行は夜のことだ──吸血鬼らしく、太陽が昇ってからの日中は休憩して、また夜が訪れたら、今度は自宅の自室にいた、直江津高校二年生、本能あぶりちゃんの首筋に嚙みついた」 　順列は入れ替わったが、しかし、どち,小屋[こ‐や]
逸らす,本当は、そう広くはないこの個室に這入った時点から、その『患者』のことは視界に入っていたのだけれど、正直、直視するのが難しかった──反射的に目を_____てしまった。 　,逸らす[そら・す]
安請け合い,うっかり『何でも見るよー』なんて_____を鵜吞みにしていると、話がぜんぜん嚙み合わなかったりするので、どうやら見てもらえたようでよかった。 ,安請け合い[やす‐うけあい]
呆れる,幽霊を見るよりも仄暗き闇だよ」 　_____たように臥煙さんは肩を竦める。 　,呆れる[あきれ]
己,010 　いないと答えていたらどうなっていたんだろうとどぎまぎしつつ、初対面の女子高生にからかわれた_____を恥じながら、僕は再び、直江津総合病院へと折り返した。 　,己[うぬ]
まごう,そうだ、これもこれで、_____ことなき見落としだぞ……。 　,まごう[まご・う]
呈する,吸血鬼のなれの果てにして、吸血鬼の絞りかす──かつて、鉄血にして熱血にして冷血の吸血鬼と恐れられた怪異の王、六百年近く生きた化物の中の化物、キスショット・アセロラオリオン・ハートアンダーブレードの、変わり果てた現在の姿であるところの忍野忍は、阿良々木家の暦部屋にて、そう疑問を呈してきた。 ,呈する[てい・する]
含める,ついにそれを語るべきときが来たか」 　ハーフ＆ハーフを_____、僕が用意したドーナツをぺろりとたいらげた忍が、いかにも偉そうにどんと構えた──いや、そんな大仰な秘密に触れたつもりはない。 ,含める[くく・む]
暴飲暴食,自暴自棄に基づく_____……、ストイックな先行思考や、スマートな目的意識からはほど遠い、やけっぱちのような大暴れ。 　,暴飲暴食[ぼういん‐ぼうしょく]
のける,どうしてそんなことをしなくちゃいけないのかはわからないが──僕が昼間に訊いたところの、『忍に今回の件について、どう伝えるか』を、臥煙さんが寝ながら考えた回答が、協力を仰がないどころか、むしろ遠_____という作戦らしい。 　,のける[の・ける]
もたれる,そんな疑いを持たれるようじゃ、もたれあった僕達の関係も終わりだな」 「終わるか。,もたれる[もたれ]
消化不良,逆に言うと、眷属の無駄な増殖を防ぐためには、食べ残してはならないわけだ──それは_____なのか？ 　,消化不良[しょうか‐ふりょう]
暫定的,_____にでも、補助線が欲しい。 　,暫定的[ざんてい‐てき]
穏健派,まだしも、十七歳の春休み同様、吸血鬼相手のめくるめくバトルに雪崩れ込むほうが簡単だったかもしれないが、やはり平和主義の専門家にして_____な戦略家の仕切りとなると、そんな王道の展開にはならないようだ。 　,穏健派[おんけん‐は]
麗しい,まあ、見目_____妖女から、可愛らしい幼女に変貌している辺り、正真正銘、こいつは退行しているのだが……、けれどこの質問は、単なる時間稼ぎ以上の意味も含んでいる。 　,麗しい[うるわし・い]
冷たい,むしろ吸血鬼の眷属作りは、失敗するケースのほうが多いと──女子高生の木乃伊を、三体も検証した今となっては、背筋が_____なるほど痛感する事実である。 　,冷たい[つべた・い]
おどろおどろしい,まるで芸術家が作品にサインを刻むがごとく、吸血鬼が署名を残したと解釈するのは、まあ怪異譚としては_____てそれっぽいんだけれど、その場合、作品は自信作であってしかるべきだとは思わないかな？」 　,おどろおどろしい[おどろおどろ‐し・い]
取捨選択,吸血鬼が血を吸えば、誰も彼も例外なく吸血鬼になる──_____はなく、食べ尽くすか、食べ残すかの差だと。 　,取捨選択[しゅしゃ‐せんたく]
ひそめる,眉を_____忍だったけれど、今さっき、時間稼ぎのために思いついたクエスチョンだからとは言うまい。 ,ひそめる[ひそ・める]
補助線,暫定的にでも、_____が欲しい。 　,補助線[ほじょ‐せん]
値する,結局のところ、女子高生達の木乃伊化は、成功なのか失敗なのか──作り手にとって、サインを残すに_____ないような失敗作なのか──それが今いちわかりにくい。 　,値する[あたい・する]
群れる,いつじゃったか、違う時間軸で見た、生ける屍の群れを」 「ああ──あったな、そんなこと」 　そうか。 　,群れる[むれ]
食する,もぐもぐと_____始める彼女を尻目に、僕は明朝までの残り時間を計測する──今が午後十時だから、日の出まで、あと約七時間か。 　,食する[しょく・する]
確たる,鞄の中にあったノートの文字と、単語帳の赤ペンの文字とを照らし合わせてみた──けれど、_____結論は出せなかったね。,確たる[かく‐たる]
ハブ,マジで_____られてんじゃん、こいつ。 　,ハブ[ハブ]
押さえつける,「忍ちゃんを一晩、_____ていて欲しい」,押さえつける[おさえ]
理路整然,ただ、『我があるじ様』とか言いつつ、まったく僕の命令に従ってくれないこの奴隷は、_____とした非の打ちどころのない僕の態度にこれっぽっちも納得することなく、むしろ大いに疑念を深めたようだった。 　,理路整然[りろ‐せいぜん]
強固,儂はこの通り、お前様の影にがっちり_____に、釘付けのごとく縛りつけられとるっちゅうんじゃ」 「まあまあ。,強固[きょう‐こ]
自暴自棄,あんな強烈で印象深い体験でも、意外と別角度から連想する際には、見落としてしまうものだな──じゃあ、思考力を失っているのと、意識を失っているのとは似たような感じだと仮定し、あれが失敗例、それも大量の失敗例とするならば……、あの時間軸の、『別ルートの忍野忍』は、言うなら一種の_____で、目的も動機もなかった。 　,自暴自棄[じぼう‐じき]
妖女,まあ、見目麗しい_____から、可愛らしい幼女に変貌している辺り、正真正銘、こいつは退行しているのだが……、けれどこの質問は、単なる時間稼ぎ以上の意味も含んでいる。 　,妖女[よう‐じょ]
増殖,逆に言うと、眷属の無駄な_____を防ぐためには、食べ残してはならないわけだ──それは消化不良なのか？ 　,増殖[ぞう‐しょく]
遠,どうしてそんなことをしなくちゃいけないのかはわからないが──僕が昼間に訊いたところの、『忍に今回の件について、どう伝えるか』を、臥煙さんが寝ながら考えた回答が、協力を仰がないどころか、むしろ_____のけるという作戦らしい。 　,遠[えん]
憐憫,たっぷりと_____の情をかけるな。,憐憫[れん‐びん]
悪,今にも消滅しそうだったお前に、『こんな死にかたも僕らしくって_____かねえ』とニヒルに笑いながら、自ら首筋を差し出し……」 「記憶力をどうした？　,悪[あく]
ずぶ,__________の関係こそ、僕の続けたいものだ。 ,ずぶ[ずぶ]
骨,単なる栄養摂取のための食欲なのだとすれば、_____と皮の木乃伊だろうと、残されているのはおかしいし、眷属を増やしたいのであれば、あまりにみっともない失敗続きだ──この吸血鬼は、果たして何がしたいんだ？ ,骨[こつ]
尻目,もぐもぐと食し始める彼女を_____に、僕は明朝までの残り時間を計測する──今が午後十時だから、日の出まで、あと約七時間か。 　,尻目[しり‐め]
魑魅魍魎,女子バスケットボール部の話じゃあないけれど、_____にもいじめってあるのか……、はあ、可哀想に。 ,魑魅魍魎[ちみ‐もうりょう]
遭う,いずれにしても、サンプルとしては少な過ぎて、今回の吸血鬼のありかたを分析しようにも参考にならない……、まあ、普通の人間なら、一生に一回でも、吸血鬼に_____ば十分過ぎるだろうに、一年ちょいの間に四体（今回を含めれば五体）の吸血鬼とお近づきになっているだけで、阿良々木暦の吸血鬼ライフは、実に豊潤であると言っていいんじゃないだろうか。 　,遭う[あ・う]
腐る,むしろあれらのケースは、ぶよぶよでずるずるの、湿度の高い_____た肉塊としての不死身というイメージが強かったから、それを今回の木乃伊と連結して考えてはいなかったけれど、言われてみれば、僕はもう前例を知っていた。 　,腐る[くさ・る]
露呈,ついにそれを語るべきときが来たか」 　忍はさっきと同じ演出を繰り返し、引き出しの少なさを_____しながら、 「決死にして必死にして万死の吸血鬼──かつての儂の生みの親にして名付け親、デストピア・ヴィルトゥオーゾ・スーサイドマスターについて語るべきときが」 　と言った。 　,露呈[ろ‐てい]
素人,こんなむごたらしい木乃伊を見た時点で、僕のような_____は思考が停止してしまうけれど、あくまでこれらの木乃伊は、吸血鬼化に『失敗』した木乃伊なんだよな──どれだけ自己顕示欲に満ちていようとも、失敗作に、これみよがしにサインを残す芸術家がいるとは思いにくい。 　,素人[しら‐びと]
把握,忍絡みと言うのであれば、直接の接点こそなくても、僕はもう一体、吸血鬼の存在を_____しているじゃないか。 　,把握[は‐あく]
計測,もぐもぐと食し始める彼女を尻目に、僕は明朝までの残り時間を_____する──今が午後十時だから、日の出まで、あと約七時間か。 　,計測[けい‐そく]
防ぐ,逆に言うと、眷属の無駄な増殖を_____ためには、食べ残してはならないわけだ──それは消化不良なのか？ 　,防ぐ[ふせ・ぐ]
肉塊,むしろあれらのケースは、ぶよぶよでずるずるの、湿度の高い腐った_____としての不死身というイメージが強かったから、それを今回の木乃伊と連結して考えてはいなかったけれど、言われてみれば、僕はもう前例を知っていた。 　,肉塊[にく‐かい]
遺す,やっぱりシンプルに、あれは口本ちゃんが_____たリビング・メッセージだったと解釈するべきなのかな？ ,遺す[のこ・す]
迫る,なんでしょう」 　いよいよ日没が_____てきた。,迫る[せま・る]
焦る,人目を気にしてどたばた_____吸血鬼なんて、まるでスラップスティック・コメディじゃないか……、だったら、暗号とわからないような暗号を、貼交ちゃんと本能ちゃんの木乃伊には残したのだと考えるほうが、まだしっくりくる。 ,焦る[あせ・る]
演出,ついにそれを語るべきときが来たか」 　忍はさっきと同じ_____を繰り返し、引き出しの少なさを露呈しながら、 「決死にして必死にして万死の吸血鬼──かつての儂の生みの親にして名付け親、デストピア・ヴィルトゥオーゾ・スーサイドマスターについて語るべきときが」 　と言った。 　,演出[えん‐しゅつ]
むごたらしい,こんな_____木乃伊を見た時点で、僕のような素人は思考が停止してしまうけれど、あくまでこれらの木乃伊は、吸血鬼化に『失敗』した木乃伊なんだよな──どれだけ自己顕示欲に満ちていようとも、失敗作に、これみよがしにサインを残す芸術家がいるとは思いにくい。 　,むごたらしい[むご‐たらし・い]
たいらげる,ついにそれを語るべきときが来たか」 　ハーフ＆ハーフを含め、僕が用意したドーナツをぺろりと_____た忍が、いかにも偉そうにどんと構えた──いや、そんな大仰な秘密に触れたつもりはない。 ,たいらげる[たいら・ぐ]
基づく,だが、基本的には今のところ、臥煙さんの推測に_____て、ものを考えるべきだろう……、正体不明の吸血鬼によって、直江津高校に通う女子生徒が狙われている。 　,基づく[もと‐づ・く]
刻む,の子はすくすくと成長著しいねえ」 　既に僕には目もくれず、臥煙さんは、木乃伊の脇に転がっていた鞄を探って、生徒手帳だったり財布だったりを物色しながら、被害者の個人情報を収集しているらしかった──一人目の木乃伊が一年生で、二人目の木乃伊が二年生だったから、三人目が三年生……、みたいな、数列のリズムは_____でいなかったわけだ。 ,刻む[きざ・む]
眉,私が阿良々木先輩を頼りにくくなるようなことを言わないでよと_____をひそめてから、日傘ちゃんは、 「やばいんスよ、うちらが引退したあとの女バス」 　と、砕けた口調で僕のほうを向いた。 　,眉[び]
化す,にもかかわらず（そんな欲求不満に陥るくらいには）ここのところ、大小かかわらず病院から遠ざかっていたのは、まだ高校に通っていた頃の十七歳の春休みに、背筋も凍るほどに美しい、金髪金眼の吸血鬼に血を吸われ、ほんの二週間ほど吸血鬼と_____て以来、その後遺症で、僕は怪我とも疾病ともほぼ無縁になったからだ。 　,化す[か・す]
筆跡,単語帳の、一番最初の一枚しか使われていなかったし、そこに赤のボールペンで、乱暴な_____で記されていたのは、英単語でさえなかった。 ,筆跡[ひっ‐せき]
絡む,全員、忍絡みではあるけれど──ん……、いや、待てよ。 　,絡む[からみ]
ニヒル,今にも消滅しそうだったお前に、『こんな死にかたも僕らしくって悪かねえ』と_____に笑いながら、自ら首筋を差し出し……」 「記憶力をどうした？　,ニヒル[ニヒル]
いざこざ,「まあ、儂も去年、お前様との_____があるまで、自分が元人間じゃったことを忘れとったくらいじゃからの──スーサイドマスターとも、六百年近く会っておらんわ。,いざこざ[いざ‐こざ]
小刻み,部屋のドアを_____にノックする音が聞こえたのだ。 ,小刻み[こ‐きざみ]
無軌道,_____な生きかたって、具体的には、どんな感じだったの？」 　,無軌道[む‐きどう]
あらかた,いや、すべてではないにせよ、_____わかった。,あらかた[あら‐かた]
うきうき,案の定、今の今まで_____喋っていた忍が、ふと我に返ったように、 「……はて？　,うきうき[うき‐うき]
争う,このままだと_____どころか、血で血を洗う展開になりかねない……、それを避けるために、臥煙さんは方針転換し、僕に忍をマークさせるというフォーメーションを取ったのだろうけれど……。 　,争う[あらそ・う]
源泉,まあ、かように伝説として語られる存在だったのだから、その伝説の_____とも言うべき吸血主の名を、専門家の元締めである臥煙さんが、知らないわけがないか──なんでも知ってるおねーさん。 　,源泉[げん‐せん]
焼き餅,_____とか言うのとは違うのだけれど。 　,焼き餅[やき‐もち]
争える,こんな死にかたも、儂らしくって悪くない』とニヒルに……」 「僕とおんなじこと言ってるぞ」 「血は_____んの」 　どうだろう。,争える[すま・う]
遇,仲のいい後輩が、より仲のいい友達と、僕よりも腹を割って話しているのを見たときと、似たような──僕みたいな奴を、ちゃんと先輩として_____してくれた、今時珍しくも、できた後輩である日傘ちゃんに対して、僕の神原に貴様何を馴れ馴れしいと、まったく思わなかったと言えば噓になる。,遇[ぐう]
問う,_____に落ちず、語るにも落ちず、されど問い返すに落ちちまうとは、僕って奴はいつでも逆説的だぜ」 「いや、普通に_____に落ちとるじゃろ」 　ううむ。 　,問う[と・う]
回帰,闇属性への_____。 　,回帰[かい‐き]
挿話,そんなの、彼女の父親に嫉妬するようなものじゃないか……、むしろ、忍の人間時代の_____なんかを聞かせて欲しいと思うくらいだし、忍にも、そういう風に語る自慢の対象がいることを、僕は嬉しく思ってもいいくらいだ──シチュエーションさえ違えば。 　,挿話[そう‐わ]
真性,かかっ、無軌道な生きかたをしておった、あやつこそ_____の吸血鬼じゃからのう、とうに朽ち果てておるじゃろうなあ」 「……なあ。,真性[しん‐せい]
窮まる,まだ夜明けまでたっぷり残り時間があるにもかかわらず、かように進退_____たそのとき、僕に救いがもたらされた。 　,窮まる[きわま・る]
計らう,ただ、だとしたら僕はその事実を知らないほうがよかった……、なんでも知ってるおねーさんがそう_____てくれたように、なんにも知らない大学生であるべきだった。 　,計らう[はから・う]
築き上げる,かつて、次から次に怪異譚が巻き起こっていた、神様不在だった時代ならばいざ知らず、どうしてこんな何の変哲もない地方都市に、まるでこつこつ_____た平和を嘲うがごとく、またしても吸血鬼が出現したのか、不思議に思っていたけれど──不思議だから怪異譚なのだと理解するしかないと思っていたけれど──そういう理由があったのだとすると、打って変わって一応の説明はつく。 　,築き上げる[きずき‐あ・げる]
進退,まだ夜明けまでたっぷり残り時間があるにもかかわらず、かように_____窮まったそのとき、僕に救いがもたらされた。 　,進退[し‐だい]
瞬時,それゆえに、暗号の解が『Ｄ／Ｖ／Ｓ』だと推定されたとき、_____にそれを、イニシャルだと直感したわけだ。 　,瞬時[しゅん‐じ]
都市,かつて、次から次に怪異譚が巻き起こっていた、神様不在だった時代ならばいざ知らず、どうしてこんな何の変哲もない地方_____に、まるでこつこつ築き上げた平和を嘲うがごとく、またしても吸血鬼が出現したのか、不思議に思っていたけれど──不思議だから怪異譚なのだと理解するしかないと思っていたけれど──そういう理由があったのだとすると、打って変わって一応の説明はつく。 　,都市[と‐し]
もののふ,「あなたとも会いたかったですよ、野武士さん」 「誰が野武士じゃ、アナグラムの結果、忍者が_____になってしもうとるじゃないか。,もののふ[もの‐の‐ふ]
幼なじみ,「_____か。,幼なじみ[おさな‐なじみ]
彷彿,キモいと言われようがエモいと言われようが、この調子で、高校時代を_____とさせる幼女と童女とチャイルドシートの会話劇へと雪崩れ込もうと目論んだ僕だったが、 「幸いなことに、鬼のお兄ちゃんの膝の上でくつろぐほど、暇じゃなくってね」 　と、斧乃木ちゃんは無表情でつれなかった──いや、この子が（『この子』と言っても、百年使われた死体の憑,彷彿[ほう‐ふつ]
くつろぐ,キモいと言われようがエモいと言われようが、この調子で、高校時代を彷彿とさせる幼女と童女とチャイルドシートの会話劇へと雪崩れ込もうと目論んだ僕だったが、 「幸いなことに、鬼のお兄ちゃんの膝の上で_____ほど、暇じゃなくってね」 　と、斧乃木ちゃんは無表情でつれなかった──いや、この子が（『この子』と言っても、百年使われた死体の憑喪神だ）無表情なのは、いつものことなのだけれど。 　,くつろぐ[くつろ・ぐ]
謹んで,たとえば八九寺が、僕をチャイルドシートならぬ神座に任命することを決意したとか（だとしたら_____拝命しよう）。 　,謹んで[つつしん‐で]
ノウハウ,「ウハウハの_____だよ」 「あるなら教えて欲しいな、そんな_____」 　でも、臥煙さんも言っていたな……、斧乃木ちゃんは現在、別件を担当していると。 　,ノウハウ[ノウ‐ハウ]
ブランク,そんなわけで、なんだかんだで本当に久し振りではあったけれど、まったく_____を感じさせない恒例のやり取りを経て、僕と八九寺は、互いに再会を祝した。 ,ブランク[ブランク]
指令,ならば、たまたまタイミングがばっちりだっただけで、別段、臥煙さんの_____を受け、忍をマークする僕のサポートに来てくれたわけではないらしい──だとすると、何の用で？ ,指令[し‐れい]
界隈,いくら都市伝説の東奔西走こと斧乃木余接ちゃんと言っても、影縫さんが不在である現在の行動範囲は、この_____から逸脱しないと思っていたけれど。 　,界隈[かい‐わい]
軽やか,もしも僕がルパン三世だったなら、ニュービートルに乗ったままで_____に山を登るところだけれど、道路交通法と常識に従わないわけにはいかなかったので、愛車は路肩に止めて、忍を肩車し（僕の肩もチャイルドシートだ）、真っ暗な山道をえっちらおっちら、登山と洒落込んだ。 　,軽やか[かる‐やか]
陰ながら,わたしが_____修練を積んでいる姿を」 「どこが_____だ。,陰ながら[かげ‐ながら]
間近い,無害認定が果たして適切だったかどうか、僕と忍を厳しく、間近から監視しているお目付役なわけだが、今このときだけは、童女の式神は、僕にとっては救いの女神だった。 ,間近い[ま‐ぢか]
したたる,「いやはや、水も_____いい女とは、このことではありませんね」 　ないのかよ。 　,したたる[した‐た・る]
いぶかしい,忍はますます_____げに僕を見たが、しかし、横合いから闖入してきた天敵に、ひとまず疑念は脇に置くことにしたようだった──しめしめ。 　,いぶかしい[いぶかし・い]
じゃぶじゃぶ,_____と、滝壺から這い出てくる八九寺……、確かに濡れネズミで、艶っぽい感じとは無縁だった。,じゃぶじゃぶ[じゃぶ‐じゃぶ]
居候,なる不死身、人形童女にして死体人形（さっきの話じゃないが、存在としてはゾンビに近い、フランケンシュタインの怪物みたいな肉感系怪異だ）、現在はるばる日本に帰国途中の専門家、影縫余弦さんの式神である斧乃木余接ちゃんは、現在、阿良々木家の月火部屋に、ぬいぐるみとして_____している。 　,居候[い‐そうろう]
軟体動物,「そんなわけで、お久し振りです、アメフラシさん」 「確かにお久し振りだが、永遠の小学五年生こと八九寺よ、いくら自分がずぶ濡れだからって、友達のことを腹足綱後鰓類の_____みたいに言うな。,軟体動物[なんたい‐どうぶつ]
兆す,来るんだったら顔を見に来い」 　まったくもって、混沌そのもののタイミングだったけれどな──問題は、それがまだ、ちっとも終息の兆しを見せていないということだ。 ,兆す[き‐ざし]
諭す,世の中には越えちゃあならない一線ってのがあるんだよ、斧乃木ちゃん」 「人類のＫ点越えこと鬼のお兄ちゃんに_____れたくないよ。,諭す[さと・す]
マーク,ならば、たまたまタイミングがばっちりだっただけで、別段、臥煙さんの指令を受け、忍を_____する僕のサポートに来てくれたわけではないらしい──だとすると、何の用で？ ,マーク[マーク]
奔放,いや、僕のカオスじゃなくって、用件のほう──八九寺のほうも心得たもので（と言うか、臥煙さんからびしばし心得をたたき込まれて）、昔ほど自由_____に振る舞いはしない。 　,奔放[ほん‐ぽう]
極,しかし、差し出されたそれを受け取ってみると、何のことはない、『○○へ行ってきました』的なせんべいやクッキーではなく、_____薄の、折りたたまれた和紙だった。 　,極[きょく]
善良,僕が_____な管理者かどうかはともかく。 　,善良[ぜん‐りょう]
路肩,もしも僕がルパン三世だったなら、ニュービートルに乗ったままで軽やかに山を登るところだけれど、道路交通法と常識に従わないわけにはいかなかったので、愛車は_____に止めて、忍を肩車し（僕の肩もチャイルドシートだ）、真っ暗な山道をえっちらおっちら、登山と洒落込んだ。 　,路肩[ろ‐かた]
ぺちゃんこ,トレードマークのツインテイルも水圧で_____だし、白装束がぴったり身体に張り付いて単に動きにくそうだ。 　,ぺちゃんこ[ぺちゃん‐こ]
恒例,そんなわけで、なんだかんだで本当に久し振りではあったけれど、まったくブランクを感じさせない_____のやり取りを経て、僕と八九寺は、互いに再会を祝した。 ,恒例[こう‐れい]
アナグラム,「あなたとも会いたかったですよ、野武士さん」 「誰が野武士じゃ、_____の結果、忍者がもののふになってしもうとるじゃないか。,アナグラム[アナグラム]
算段,まさか、どこかの神社でおみくじを引いてきたのを、お土産ってことにしようって_____か？　,算段[さん‐だん]
宣託,なんか元気のいいご_____だな……。 　,宣託[せん‐たく]
処す,前科持ちとは言え、忍は蟄居の刑に_____れているわけではないのだ。 　,処す[しょ・す]
登頂,特に妙案が思いつくこともなく、_____完了。 　,登頂[とう‐ちょう]
ご多忙,_____な斧乃木さんに労を執ってもらってまで、このような深い時間に山頂までお呼び立てしたのは、他でもありません」 　急にきりっとして、八九寺は言った──この流れで急に真面目ぶられても挨拶に困るが（滝行もしていないのに、冷や水を浴びせられた気分だ）、まあ、名前の嚙みかたの新ヴァリエーションが思いついたからと言,ご多忙[ご]
しがみつく,肩を竦めるな、_____ぞ。,しがみつく[しがみ‐つ・く]
多忙,ご_____な斧乃木さんに労を執ってもらってまで、このような深い時間に山頂までお呼び立てしたのは、他でもありません」 　急にきりっとして、八九寺は言った──この流れで急に真面目ぶられても挨拶に困るが（滝行もしていないのに、冷や水を浴びせられた気分だ）、まあ、名前の嚙みかたの新ヴァリエーションが思いついたからと言っ,多忙[た‐ぼう]
厚い,阿良々木さんと一緒なら、地獄もそう悪い場所ではありません」 　そんな友情に_____ようなことを言いながら、到着した本殿の引き戸を開けた八九寺だったが、しかし僕は、そんな親友に手酷く裏切られたような気持ちになった。 　,厚い[あつ・い]
屍では,「生ける_____なく、危篤状態みたいなもんじゃのう……、じゃから儂らを呼んだのじゃろう、迷子娘？」 ,屍では[かばね]
特効薬,元より不老不死である吸血鬼に対する薬効成分を含む_____を処方する薬局なんて、この世にあるのか？ ,特効薬[とっこう‐やく]
引き戸,阿良々木さんと一緒なら、地獄もそう悪い場所ではありません」 　そんな友情に厚いようなことを言いながら、到着した本殿の_____を開けた八九寺だったが、しかし僕は、そんな親友に手酷く裏切られたような気持ちになった。 　,引き戸[ひき‐ど]
心持ち,本当にチャイルドシートや、さもなくば跳び箱になったみたいな_____だった。 ,心持ち[こころ‐もち]
駆け寄る,幼女が幼女に_____うとする。 ,駆け寄る[かけ‐よ・る]
慌てる,忍、気をつけ──」 　日中の、通学路脇の掘っ立て小屋における、自分自身の苦い経験を思い起こしながら、僕は、_____て注意を促した──が、危惧したようなことは起こらなかった。 　,慌てる[あわ・てる]
凍る,にもかかわらず（そんな欲求不満に陥るくらいには）ここのところ、大小かかわらず病院から遠ざかっていたのは、まだ高校に通っていた頃の十七歳の春休みに、背筋も_____ほどに美しい、金髪金眼の吸血鬼に血を吸われ、ほんの二週間ほど吸血鬼と化して以来、その後遺症で、僕は怪我とも疾病ともほぼ無縁になったからだ。 　,凍る[こお・る]
アウト,アニメ化できるかどうか、微妙なラインだな」 「余裕で_____じゃろ。,アウト[アウト]
儂,「生ける屍ではなく、危篤状態みたいなもんじゃのう……、じゃから_____らを呼んだのじゃろう、迷子娘？」 ,儂[わし]
呼ぶ,そのとき僕は、斧乃木ちゃんのことを『人形娘』と呼び、八九寺のことを、町を統治する神と化したのちも『迷子娘』と_____忍野忍が、専門家でもない相手を名前で_____のは、結構珍しいということに、遅まきながら気付く。 　,呼ぶ[よ・ぶ]
タブー,ほら、僕達は_____に切り込む社会派だから」 「_____に切り込む社会不適合派じゃろ？」 　,タブー[タブー]
浅い,「そんなお顔をなさってますよ」 　ううむ、まだまだキャリアは_____とは言っても、さすがは神……、僕の顔から、僕のカオスを見抜いてくるか。 　,浅い[あさ・い]
危惧,忍、気をつけ──」 　日中の、通学路脇の掘っ立て小屋における、自分自身の苦い経験を思い起こしながら、僕は、慌てて注意を促した──が、_____したようなことは起こらなかった。 　,危惧[き‐ぐ]
促す,忍、気をつけ──」 　日中の、通学路脇の掘っ立て小屋における、自分自身の苦い経験を思い起こしながら、僕は、慌てて注意を_____た──が、危惧したようなことは起こらなかった。 　,促す[うなが・す]
血の池,八九寺は言った──_____地獄。 　,血の池[ち‐の‐いけ]
幼児,八九寺の_____が、もとい用事が、忍相手の用事だと言うのなら、うまくそれで気を引いている間に、臥煙さん（達）が、グルメな吸血鬼の件に幕を引いてくれれば理想である。 　,幼児[おさな‐ご]
処方,元より不老不死である吸血鬼に対する薬効成分を含む特効薬を_____する薬局なんて、この世にあるのか？ ,処方[しょ‐ほう]
陥る,怪異現象と言うより、重要文化財でも見せられたかのようだ──そう言ってよければ、一時的にパニックに_____てしまった僕を正気に戻したのは、 「ス──スーサイドマスター？」 　,陥る[おち‐い・る]
出自,迷子の保護は、その_____を思えば、八九寺にとっては神業ならぬ生業だしな。 　,出自[しゅつ‐じ]
幕,「……でも、現実問題として、影縫さんがやって来るとなれば、僕の出る_____なんてないと思いますよ。,幕[ばく]
客死,海外からのお客様に_____されるのは、統治者として、寝覚めが悪いですからね──この町で今、いったい何が起きているのか知りたいのは、わたしも同じです」 　ですから、ことの真相を知るためにも。 　,客死[かく‐し]
薬効,元より不老不死である吸血鬼に対する_____成分を含む特効薬を処方する薬局なんて、この世にあるのか？ ,薬効[やっ‐こう]
損なう,なんでも将来は、警視庁のサイバー犯罪対策課への就職を目指しているとか……、なので、羽川にも扇ちゃんにも頼れない現状、相談を持ちかける相手としては、命日子以上の知り合いを、僕は思いつかなかった──もちろん、これが吸血鬼になり_____た木乃伊が残した、ダイイング・メッセージならぬリビング・メッセージであることまでは、公開しない。 　,損なう[そこな・う]
記す,単語帳の、一番最初の一枚しか使われていなかったし、そこに赤のボールペンで、乱暴な筆跡で_____れていたのは、英単語でさえなかった。 ,記す[しる・す]
摂理,そういうときもあれば、そうでないときもある──ただし、吸血鬼が死屍累生死郎みたいな、超イケメンの八頭身で年収五億円だったら、入室を拒否できる女子高生はいないだろう」 　死屍累生死郎の年収が五億円だったかどうかは定かではないが、まあ、それもまた真理であり、_____か……、あるいは口本教実ちゃんに対する推測と同じで、正体不明の吸血鬼は、路地で吸血した女子高生が、木乃伊化したのちに、彼女を自室へと運び込んだのかもしれない……、やはりどうしてそんなことをしたのかは、謎のままだが。 ,摂理[せつ‐り]
意図,「…………」 　いずれにしても、もう既に、臥煙さんの_____とは大きく外れたところに、僕と忍が来てしまっていることは間違いなさそうだった。 　,意図[い‐と]
竦める,「吸血鬼化に失敗したと見るべきだね」 　臥煙さんは肩を_____た。 ,竦める[すく・む]
草津,確かにそれは、お医者様でも_____の湯でも治せない吸血鬼の病状には、なんともおあつらえむきの薬効成分だった。,草津[くさつ]
真相,海外からのお客様に客死されるのは、統治者として、寝覚めが悪いですからね──この町で今、いったい何が起きているのか知りたいのは、わたしも同じです」 　ですから、ことの_____を知るためにも。 　,真相[しん‐そう]
称す,スーパースターと_____れていただけあって、本来、私立進学校である直江津高校には、こいつは僕以上に場違いな生徒だった……。 ,称す[しょう・す]
季節外れ,うぬが前回地獄におったの、ほんの一時間くらいじゃろ」 「_____の里帰りだ」 「実家住まいの大学生が何を仰っているのですか」 　幼女と少女が辛辣だ。,季節外れ[きせつ‐はずれ]
上首尾,……ところで、なんだかんだでお前が実際に刀を振るうところって、あんまり見ないんだけれど……、今のところこそこそせざるを得ないから臥煙さんに頼むわけにはいかないけれど、あの人みたいに、きちんと_____に僕の五臓六腑をバラバラにできるのか？」 ,上首尾[じょう‐しゅび]
妖しい,芸がないと言いつつも、その曲芸は久し振りだ──種も仕掛けもない奇術のように、音もなく幼女の体内から抜刀された、_____光る大太刀。 　,妖しい[あやし・い]
だかん,そうでなくっても、たとえ、忍の親代わりが女子高生を木乃伊化させた張本人だったとしても、このままは_____ぼの幼女をほうっておけばいいとは、僕にはどうしても思えない……、はっきりさせなければ、直江津高校女子バスケットボール部の名簿を提供してくれた日傘ちゃんにも、申しわけが立たないし。 　,だかん[だ‐かん]
うろつく,デパートの中を_____ていたらジュエリーエリアに迷い込んでしまったかのような。 　,うろつく[うろ‐つ・く]
不意打ち,奇しくも、今僕がいる、この北白蛇神社の境内でのことだった──あのときは臥煙さんに、_____気味に、ほぼ何の説明もなく、地獄送りにされたのだ。 　,不意打ち[ふい‐うち]
眠,木乃伊状態、乾_____状態の吸血鬼を、回復させるために──ついさっきまで直江津高校女子バスケットボール部員を狙う悪鬼羅刹だと思っていた相手の健康のために働くというのは、認知的不協和を禁じ得ないが、しかし真相追究のためだった。 　,眠[みん]
混迷,そもそも、女子高生と同じ（ではないにせよ）、木乃伊として発見されたからと言って、彼女──返す返すも、『Ｄ／Ｖ／Ｓ』が幼女だったとは──の疑いが払拭されたわけではないけれど、どうも事態が_____を極めていることは間違いない。 　,混迷[こん‐めい]
つける,017 　吸血鬼化の後遺症と闘っていた、言うならば闘病生活を送っていたとも言える高校三年生の頃、僕はうつけたことに、死ぬことに慣れてしまっていた節があった。 　,つける[つけ]
認知的不協和,木乃伊状態、乾眠状態の吸血鬼を、回復させるために──ついさっきまで直江津高校女子バスケットボール部員を狙う悪鬼羅刹だと思っていた相手の健康のために働くというのは、_____を禁じ得ないが、しかし真相追究のためだった。 　,認知的不協和[にんちてき‐ふきょうわ]
取り乱す,そこにいたのが裸の美女だったことにも、僕は_____なかった。 　,取り乱す[とり‐みだ・す]
地獄,016 　阿良々木さんと一緒に落ちるなら_____もそう悪い場所ではありませんという、八九寺が発したさっきの言葉は、どうやらまったくの比喩ではなかったらしい──どうやら僕は、再び_____に向かうことになりそうだった。 　,地獄[じ‐ごく]
奇しくも,_____、今僕がいる、この北白蛇神社の境内でのことだった──あのときは臥煙さんに、不意打ち気味に、ほぼ何の説明もなく、地獄送りにされたのだ。 　,奇しくも[くしく‐も]
里帰り,うぬが前回地獄におったの、ほんの一時間くらいじゃろ」 「季節外れの_____だ」 「実家住まいの大学生が何を仰っているのですか」 　幼女と少女が辛辣だ。,里帰り[さと‐がえり]
芸,「まあ、_____がありませんけれど、前と同じ方法を使うのがいいんじゃないですか？」 ,芸[げい]
提げる,彼女が_____ていた妖刀『心渡』で、五体をばらばらに、切り刻まれることによって──そんな交通手段。 　,提げる[さ・げる]
悶える,普通なら羞恥に_____ところだったが、しかし、周囲の空気と同じくらい、あるいはそれ以上に澄んだ優しい声は、僕をふっと平静にさせこそすれ、動揺させるようなことはなかった──振り向いて。 　,悶える[もだ・える]
形無し,「そんな気楽なテンションで地獄に落ちようっていうんだから、閻魔大王も_____ですね」 　と、八九寺。 　,形無し[かた‐なし]
色濃い,人間に戻っても_____残った吸血鬼の不死身性に、今から思えばあまりにも僕は頼り過ぎた。,色濃い[イロコイ]
悔いる,あの春休みをあれだけ_____た僕が、またしても死にかけみたいな吸血鬼を救うために行動しようとは……、えらく血にまみれた皮肉もあったものだ。 　,悔いる[くい]
輪切り,表現は多々あるとしても、とにかく、前に_____に刻まれたときとはまったく違う、そしてこれまで一度だって見たこともないような、原風景ならぬ幻風景が、僕の眼前には広がっていた……、何だこれは？ 　,輪切り[わ‐ぎり]
脱する,あなたさまは自分で思っているほど、悪い人間ではないのですよ」 　混乱から脱し、現状を打破するために、とりあえずすっとぼけたことを呟いて心を落ちつけようとしたら（僕のセルフコントロール術だ。,脱する[だっ‐し]
なく,結果、九死に一生どころでは_____万が一の確率で人間に戻れたはずの僕は、今度は誰に血を吸われることも_____、自然発生的に、またしても吸血鬼になりかけた──それをリバウンドと言ってもいいし、単に懲りない馬鹿と言ってもいい。 　,なく[ナク]
奇術,芸がないと言いつつも、その曲芸は久し振りだ──種も仕掛けもない_____のように、音もなく幼女の体内から抜刀された、妖しく光る大太刀。 　,奇術[き‐じゅつ]
多々,表現は_____あるとしても、とにかく、前に輪切りに刻まれたときとはまったく違う、そしてこれまで一度だって見たこともないような、原風景ならぬ幻風景が、僕の眼前には広がっていた……、何だこれは？ 　,多々[さわ]
平静,普通なら羞恥に悶えるところだったが、しかし、周囲の空気と同じくらい、あるいはそれ以上に澄んだ優しい声は、僕をふっと_____にさせこそすれ、動揺させるようなことはなかった──振り向いて。 　,平静[へい‐せい]
斬る,忍さん、お願いします」 「ほいきた」 　とんとん拍子で僕をなます_____にする段取りが組まれていく──忍はあーんと大きく口を開けて、自分の手のひらを喉の奥の奥へと突っ込んだ。 　,斬る[き・る]
浄土,あるいは極楽なのか、むしろ_____なのか、もしくは楽園なのか、それともヘヴンなのか。 　,浄土[じょう‐ど]
寿命,霞を食って生きる仙人じゃないが、呼吸をするだけで、百年は_____が延びそうだった……、けれど、_____が延びるどころか、僕は五体を切り刻まれて、絶命したはずでは？ 　,寿命[じゅ‐みょう]
澄む,普通なら羞恥に悶えるところだったが、しかし、周囲の空気と同じくらい、あるいはそれ以上に_____だ優しい声は、僕をふっと平静にさせこそすれ、動揺させるようなことはなかった──振り向いて。 　,澄む[す・む]
君子,聖人_____である僕には方法が皆目わからないぜ」 「普段通り幼女や妹といかがわしく遊んどれば、普通に地獄行きなんじゃないのか？」 　,君子[くん‐し]
永眠,覚醒したとき、あるいは_____したとき、僕がいたのは天国だった。 　,永眠[えい‐みん]
情念,お前様を地獄に送るためだけに」 「_____が深過ぎないか？」 ,情念[じょう‐ねん]
背後,意外と効果はある）、あにはからんや、そばには誰もいないと思っていたのに、_____から声をかけられた。 　,背後[はい‐ご]
青々,緑いっぱいの大草原に、遥か遠く特徴的な稜線を描く山脈、雲一つない透き通るような綺麗な空──たわわに実をなす_____とした木々、色とりどりに咲き乱れる花。 　,青々[あお]
咲き乱れる,緑いっぱいの大草原に、遥か遠く特徴的な稜線を描く山脈、雲一つない透き通るような綺麗な空──たわわに実をなす青々とした木々、色とりどりに_____花。 　,咲き乱れる[さき‐みだ・れる]
闘病,017 　吸血鬼化の後遺症と闘っていた、言うならば_____生活を送っていたとも言える高校三年生の頃、僕はうつけたことに、死ぬことに慣れてしまっていた節があった。 　,闘病[とう‐びょう]
とんとん拍子,卒業生としてどんより暗い気持ちにはなったものの、結果だけ見れば、_____で女子バスケットボール部のメンバーリストを入手できたので、臥煙さんはまだ夜に向けての仮眠中じゃないかと思ったけれど、誉めてもらえるんじゃないかと期待しながら着いてみると、専門家は既に活動中だった。 　,とんとん拍子[とんとん‐びょうし]
ジュエリー,デパートの中をうろついていたら_____エリアに迷い込んでしまったかのような。 　,ジュエリー[ジュエリー]
過ぎる,問題は、るがーが左腕を怪我して引退したのちも、その仕組みがそのまんま受け継がれちゃったってことで……、私がキャプテンを務めているうちは、それでもどうにかこうにか騙し騙し、うまく回っていたんですが、四月に引退した途端、一気にガタがきちゃったみたいでして」 　高_____目標、ハードなトレーニング、逃れられない同調圧力……。 　,過ぎる[すぎ]
省く,実際にあったことではないので詳細は_____にしても、直江津高校を卒業し、曲直瀬大学に入学するまでの端境期に、鏡の国に建立されたお城で、僕は光栄にも『うつくし姫』に謁見したのだった。 　,省く[はぶ・く]
紐解く,書物を_____てみれば、地獄ってのは本当に多様性に満ちていて、ありとあらゆるヴァリエーションを網羅していると言っていい……、中には、裸でブロンドでぼいんぼいんの長身セクシーな美女が鬼面を装着して、亡者をしばき倒す地獄もあるかもしれないじゃないか。 ,紐解く[ひも‐と・く]
獄卒,_____か？　,獄卒[ごく‐そつ]
網羅,書物を紐解いてみれば、地獄ってのは本当に多様性に満ちていて、ありとあらゆるヴァリエーションを_____していると言っていい……、中には、裸でブロンドでぼいんぼいんの長身セクシーな美女が鬼面を装着して、亡者をしばき倒す地獄もあるかもしれないじゃないか。 ,網羅[もう‐ら]
ボディ,顔はわからなくっても、しかし鬼面の後部からはみ出す、長い長いブロンドを、そしてその何も着ていなくとも薄衣をまとっているかのような麗しの_____ラインを、僕はどこかで見たような……。 ,ボディ[ボディ]
いかがわしい,聖人君子である僕には方法が皆目わからないぜ」 「普段通り幼女や妹と_____遊んどれば、普通に地獄行きなんじゃないのか？」 　,いかがわしい[いかがわし・い]
昇天,八九寺や忍が明に暗に断定していたように、僕自身、僕が死んだら地獄に落ちると決めつけていた──なのに、どうして僕が_____しているのだ？ ,昇天[しょう‐てん]
薄衣,顔はわからなくっても、しかし鬼面の後部からはみ出す、長い長いブロンドを、そしてその何も着ていなくとも_____をまとっているかのような麗しのボディラインを、僕はどこかで見たような……。 ,薄衣[うす‐ぎぬ]
さもあり,_____なん。 　,さもあり[サモアリ]
明,八九寺や忍が_____に暗に断定していたように、僕自身、僕が死んだら地獄に落ちると決めつけていた──なのに、どうして僕が昇天しているのだ？ ,明[あか‐あか]
謁見,実際にあったことではないので詳細は省くにしても、直江津高校を卒業し、曲直瀬大学に入学するまでの端境期に、鏡の国に建立されたお城で、僕は光栄にも『うつくし姫』に_____したのだった。 　,謁見[えっ‐けん]
書物,_____を紐解いてみれば、地獄ってのは本当に多様性に満ちていて、ありとあらゆるヴァリエーションを網羅していると言っていい……、中には、裸でブロンドでぼいんぼいんの長身セクシーな美女が鬼面を装着して、亡者をしばき倒す地獄もあるかもしれないじゃないか。 ,書物[しょ‐もつ]
疾しい,「お面をつけているなんて、お恥ずかしいです」 　全裸を晒していることではなく、顔を隠していることのほうを恥じているらしかった──いや、獄卒なんじゃないかと疑ってしまっておいてなんだけれど、この美女も、一面に広がる風景と同じく、芸術的絵画の中で描かれている美女のようで、その裸には、_____さやいかがわしさが、全身のどこを探しても、ひと欠片もない。 　,疾しい[と・し]
得心,そんな素早く_____できるわけがありませんよ、阿良々木さまったら」 　ころころ笑いながら、なんとも上品に突っ込んでくれた。 　,得心[とく‐しん]
さぞかし,て言うか、この女神、何気にポージングしながら喋ってる──本人はそれが_____嫌だったらしいけれど、しかし否応なくその美しき所作が、骨の髄までならぬ魂の髄まで、染み込んでいるらしい。 　,さぞかし[さぞ‐かし]
ブロンド,顔はわからなくっても、しかし鬼面の後部からはみ出す、長い長い_____を、そしてその何も着ていなくとも薄衣をまとっているかのような麗しのボディラインを、僕はどこかで見たような……。 ,ブロンド[ブロンド]
模,ここはわたくしの故郷を_____しているのですよ」 　いい人ではあるのだろうが、やはりお姫さまというだけあって、マイペースだった……、風景の論評に入った。 　,模[かた‐ぎ]
素早い,そんな_____得心できるわけがありませんよ、阿良々木さまったら」 　ころころ笑いながら、なんとも上品に突っ込んでくれた。 　,素早い[す‐ばや・い]
熟語,鬼面……、二字_____を開いて言うならば、鬼のお面。 　,熟語[じゅく‐ご]
髄,て言うか、この女神、何気にポージングしながら喋ってる──本人はそれがさぞかし嫌だったらしいけれど、しかし否応なくその美しき所作が、骨の_____までならぬ魂の_____まで、染み込んでいるらしい。 　,髄[ずい]
人偏,_____をつけるにしては、人としてどうかと思う場面だが。 　,人偏[にん‐べん]
形容,可愛い後輩がガサツ呼ばわりされたことに一瞬身を乗り出しかけた僕だけれど、いや、関係性を思えば、僕より神原と親しい日傘ちゃんがそう_____するのを、僕が止めるのもおかしな話だ。 ,形容[けい‐よう]
雄弁,鬼面で表情はわからないけれど、偉いもので裸の人体というのは意外と_____なものだった──アセロラ姫は言外に、身体をしならせることで、僕の当てずっぽうを肯定してくれた。 　,雄弁[ゆう‐べん]
傍若無人,本当にこの人が、あの_____な幼女の、あるいは極悪非道な妖女の前身なのか？ ,傍若無人[ぼうじゃく‐ぶじん]
採取,僕は血の池地獄の水を、じゃなくって血を、_____して持って帰らなくっちゃならないんですが……」 「そうつれないことを言わず、どうぞこの世間知らずにお付き合いくださいませ、阿良々木さま。,採取[さい‐しゅ]
懲りる,いずれにしても、かくして僕こと_____ない馬鹿は、人類の生死観を根底からぶっ壊しかねない地獄巡りに、再び手を出し、足を踏み入れ── 「……あれ？」 　,懲りる[こ・りる]
透き通る,緑いっぱいの大草原に、遥か遠く特徴的な稜線を描く山脈、雲一つない_____ような綺麗な空──たわわに実をなす青々とした木々、色とりどりに咲き乱れる花。 　,透き通る[すき‐とお・る]
鬼面,僕はその成人女性に……、その_____で全裸の美女に、見覚えがあるように感じた。,鬼面[き‐めん]
いる,なにげに紳士のエチケットが試されて_____ように思う。 ,いる[いる]
切り離す,「だから、わたくしは本人の魂から_____れ、ひとり、いいえ半人前の魂で、天国送りにされたのでしょう──わたくしには相応しい罰です」 　天国すら罰になる魂か。 　,切り離す[きり‐はな・す]
独白,一応理系としては、聞き捨てならないその_____の意味を問いただす前に、彼女は、「今となってはもう遅いかもしれませんが、絶滅危惧種を保護する意味でも、わたくしはスーサイドマスターを助けたいのです」と、強く宣言した。 　,独白[どく‐はく]
人品,そうだ──忍が語ったデストピア・ヴィルトゥオーゾ・スーサイドマスターの伝説は結構偏っていて、吸血主の_____骨柄をあれこれ、五月雨式に語ってくれてはいたものの、どうして『うつくし姫』が『キスショット・アセロラオリオン・ハートアンダーブレード』になったのか、どうして『うつくし姫』が『鉄血にして熱血にして冷血の吸血鬼』になったのか、その具体的な点についてはほとんど触れていなかった。 　,人品[じん‐ぴん]
先述,_____の通り、早く用事を済ませて生き返らないとならない都合上、はっきり言って裸の美女とピクニック気分で話し込んでいる場合ではなかったけれど、こうして出し抜けに、質疑応答の機会を得てしまうと、ついついあれこれ訊きたくなってしまうな。 　,先述[せん‐じゅつ]
背負う,女子バスケットボール部の連帯責任じゃないが、すべてを_____には、プリンセスのその背中は、あまりにも華奢だった──ただし、華奢でありながら、触れたら壊れてしまいそうな脆弱さとは無縁だ。 　,背負う[せ‐お・う]
絶滅危惧種,一応理系としては、聞き捨てならないその独白の意味を問いただす前に、彼女は、「今となってはもう遅いかもしれませんが、_____を保護する意味でも、わたくしはスーサイドマスターを助けたいのです」と、強く宣言した。 　,絶滅危惧種[ぜつめつきぐ‐しゅ]
凜然,とは言え、僕も大学一年生となった今、婦女子の裸体でそこまでおたおたしたりはしないのだけれども、しかしここで、_____と振る舞う全裸の女性に泰然と揺るがずどんと構えるのも、却って失礼な気がしてしまうから難しいところだ。 　,凜然[りん‐ぜん]
空前絶後,傾国の美女としても、_____である。 ,空前絶後[くうぜん‐ぜつご]
仰る,いえ、どんな美しいものもいつかは滅ぶ──そう_____たいのでしょうか？　,仰る[おっしゃ・る]
偏る,そうだ──忍が語ったデストピア・ヴィルトゥオーゾ・スーサイドマスターの伝説は結構_____ていて、吸血主の人品骨柄をあれこれ、五月雨式に語ってくれてはいたものの、どうして『うつくし姫』が『キスショット・アセロラオリオン・ハートアンダーブレード』になったのか、どうして『うつくし姫』が『鉄血にして熱血にして冷血の吸血鬼』になったのか、その具体的な点についてはほとんど触れていなかった。 　,偏る[かた‐よ・る]
凡俗,その感覚を理解することは、_____には難しいけれど、僕が忍野忍と切っても切れない関係にあるよう、アセロラ姫とスーサイドマスターにも、切っても切れない関係があったようだ──切り離すしかないほどに。 　,凡俗[ぼん‐ぞく]
間抜け,そんな言いかたをすると_____みたいだけれど、切り離されたアセロラ姫を、こうして目前にすると、笑ってもいられない。 ,間抜け[ま‐ぬけ]
妨げる,「──つまり、お姫さまは、決して特効薬を求めての僕の地獄巡りを_____うとしたわけではなく、まして地獄に落ちそうな僕を、『あの男はそんなに悪い奴じゃない』と、蜘蛛の糸で一本釣りしてくれたわけでもなく、スーサイドマスター氏を……、スーサイドマスター女史を救うために、僕を引き上げたということなんですね？」 ,妨げる[さまた・げる]
泰然,とは言え、僕も大学一年生となった今、婦女子の裸体でそこまでおたおたしたりはしないのだけれども、しかしここで、凜然と振る舞う全裸の女性に_____と揺るがずどんと構えるのも、却って失礼な気がしてしまうから難しいところだ。 　,泰然[たい‐ぜん]
獲得,だとすれば、スーサイドマスターに吸血されたことで、永遠を_____してしまったわたくしは、あまりにも貪欲と言わざるを得ないでしょうね」 　アセロラ姫は肩を落とした。,獲得[かく‐とく]
なごむ,場を_____せるための悪ふざけのつもりだと承知はしておりますが、十年後、二十年後、生きながらえた際に後悔するような発言は、控えるべきかと」 　普通にめっちゃられた。,なごむ[なご・む]
ランジェリー,是非_____を贈らせていただきたくて」 「阿良々木さま。,ランジェリー[ランジェリー]
質疑応答,先述の通り、早く用事を済ませて生き返らないとならない都合上、はっきり言って裸の美女とピクニック気分で話し込んでいる場合ではなかったけれど、こうして出し抜けに、_____の機会を得てしまうと、ついついあれこれ訊きたくなってしまうな。 　,質疑応答[しつぎ‐おうとう]
矮小,己の_____さを知ることで自殺したくなってしまうレベルのプリンセスを前にすると、場をなごませるためと言うより、不敬な軽口は生存手段なのだが──しかし、天国で自殺しないように気をつけなきゃいけない奴なんて、僕くらいのもんだろうな。 ,矮小[わい‐しょう]
贈る,是非ランジェリーを_____せていただきたくて」 「阿良々木さま。,贈る[おく・る]
長大,自分が元人間だったことも、その_____な人生の中で、生の中で、失念してしまっていたくらいのいい加減さだ──人間に戻りたいと願う僕を見て、久し振りに思い出したみたいなことを言っていた。 　,長大[ちょう‐だい]
装う,母校愛なんてまったくない僕だけれど（むしろ通っている当時は、あの進学校のことは嫌いだった）、無関係を_____のは気が咎める。 　,装う[よそお・う]
豊潤,いずれにしても、サンプルとしては少な過ぎて、今回の吸血鬼のありかたを分析しようにも参考にならない……、まあ、普通の人間なら、一生に一回でも、吸血鬼に遭えば十分過ぎるだろうに、一年ちょいの間に四体（今回を含めれば五体）の吸血鬼とお近づきになっているだけで、阿良々木暦の吸血鬼ライフは、実に_____であると言っていいんじゃないだろうか。 　,豊潤[ほう‐じゅん]
祭り上げる,八九寺が今そうされているように、あるいは千石がそうされていたように、かつて、神の座に_____られそうになった際、キスショット・アセロラオリオン・ハートアンダーブレードは、それを断った、鬼は鬼であり続けたという話があったが、人間から吸血鬼になったそのとき、あいつの心境はどうだったんだろう？ 　,祭り上げる[まつり‐あ・げる]
美徳,あなたさまをそんなに悪い奴じゃないとは、実は思っていません」 　正直も_____らしい。 　,美徳[び‐とく]
骨柄,そうだ──忍が語ったデストピア・ヴィルトゥオーゾ・スーサイドマスターの伝説は結構偏っていて、吸血主の人品_____をあれこれ、五月雨式に語ってくれてはいたものの、どうして『うつくし姫』が『キスショット・アセロラオリオン・ハートアンダーブレード』になったのか、どうして『うつくし姫』が『鉄血にして熱血にして冷血の吸血鬼』になったのか、その具体的な点についてはほとんど触れていなかった。 　,骨柄[こつ‐がら]
折,地獄に落ちようとしていた僕を、無理矢理招いた僕を、生き返らせるための算段、テーゼとしてのベーゼだったことは確かなのだろうが（妖刀『夢渡』で生き返らせたというのはあくまで現世側での解釈であって、あちら側での解釈も必要になるのは、地獄で手_____正弦がそうしたのと、まあ同じだろう）しかし他にも意味はあった。 　,折[おり]
八つ裂き,封印されている立場である忍ちゃんじゃあ自身とこよみんとの間にあるペアリングを切れなかったから、中途半端な臨死体験をさせることになったというわけさ」 　つまり──僕を_____にするところまではよかったものの、その後、まったく僕が地獄から帰ってこないので、忍と八九寺は、慌てて臥煙さんに助けを求めたということか？ ,八つ裂き[やつ‐ざき]
さりげ,だったら、今回の事件の裏側も、プリンセスは把握しているということなのだろうか──僕は_____なく、水を向けてみる。 ,さりげ[さり‐げ]
人柱,意味のない生贄とか、くじで選ばれる_____みたいな……。 ,人柱[ひと‐ばしら]
居場所,この世界における、わたくしや阿良々木さまの_____と同じくらいありません」 　ひでえこと言われたぞ。 　,居場所[い‐ばしょ]
雨乞い,言うなら、民間伝承が考えた民間伝承みたいなもので、更に言うなら、僕は_____のために地獄に落ちようとしていたみたいな感じなのかもしれない。 　,雨乞い[あま‐ごい]
額,借りれるものなら猫の手でも借りたいところである（阿良々木流に言えば、『猫の手こそを借りたいところ』だが）、お姫さまからその手を差し出されれば、_____ずかないまでもひざまずいて、キスをしないわけにはいかない。 ,額[がく]
に,手の甲_____するそれではなく、唇と唇のキス。 　,に[に]
面食らう,面だけに、_____たと言うしかない場面だけれど、しかしそれでも、光栄に思うべきかもしれない……、あらゆる国々を滅ぼして回った、伝説と言うより神話の、もっと言うなら童話の中の登場人物のようなお姫さまとて、そんな美しき口づけで、国民を殺したことはなかっただろう。 　,面食らう[めん‐くら・う]
ブッフェ,阿良々木さまは_____はお好きですか？」 ,ブッフェ[ぶっ]
一端,_____の、そして一流の食道楽として──意に沿わないメニューは摂取しません。,一端[いち‐はな]
酒池肉林,血の池天国は、_____みたいな背徳的なイメージを禁じ得ない。 　,酒池肉林[しゅち‐にくりん]
柔軟,「新しい神様のアイディアは、さすがに_____で、それ自体は創見であると評価できます。,柔軟[じゅう‐なん]
落差,_____と温度差が半端じゃない。 　,落差[らく‐さ]
若造,運命に逆らってまで長生きしたくない──まあ、突き詰めると安楽死や尊厳死の問題にもなるだろうから、僕みたいな_____が軽々に口を出せることではないけれど、そういう考えかたも、確かにある。 ,若造[わか‐ぞう]
選りすぐる,葉は、アテにならないとお考えください」 「…………」 「もっとも、すべてを知っているわけではありません……、わたくしが、阿良々木さまにできるアドバイスは、スーサイドマスターにとって甘露となる特効薬があるとするなら、それはヴァリエーションに富んだ血液のドリンク・バーではなく、_____た誰かひとりの、抽出された血液だということです」 　たとえば。 　,選りすぐる[えり‐すぐ・る]
背徳,血の池天国は、酒池肉林みたいな_____的なイメージを禁じ得ない。 　,背徳[はい‐とく]
解釈,地獄に落ちようとしていた僕を、無理矢理招いた僕を、生き返らせるための算段、テーゼとしてのベーゼだったことは確かなのだろうが（妖刀『夢渡』で生き返らせたというのはあくまで現世側での_____であって、あちら側での_____も必要になるのは、地獄で手折正弦がそうしたのと、まあ同じだろう）しかし他にも意味はあった。 　,解釈[かい‐しゃく]
アダルト,惜しげなく全裸でありながら、顔だけは鬼面によって、完全に隠している成人女性……、高校生活を終えて、大学に入学し、十八禁ならぬ十八解禁な僕の私生活もこれからは_____になるんじゃないかとほのかに期待していたけれど、なんだかおかしな方向への_____化が進んでいた。 　,アダルト[アダルト]
た,017 　吸血鬼化の後遺症と闘ってい_____、言うならば闘病生活を送ってい_____とも言える高校三年生の頃、僕はうつけ_____ことに、死ぬことに慣れてしまってい_____節があっ_____。 　,た[た]
毛細血管,「水分が_____に、なかんずく脳に行き渡るまでには、少々時間を要するということだろうよ。,毛細血管[もうさい‐けっかん]
けれど,アセロラ姫とスーサイドマスターの間接キスを仲介しているようで、なんだか複雑な気分もないではなかった_____、ともかく、僕はストライクゾーンを外れた木乃伊にキスをした。 　,けれど[ケレド]
見境,「お、お前様……、とうとう、そこまで_____がなく……」 　生き返るや否や実行された僕の行為を崇高な医療措置だと理解できないらしく、ショックで泣き止んだらしい忍が愕然としているが、僕は口の中にずっと溜めていた唾液を、一滴残らずはき出すことに躍起だった。 　,見境[み‐さかい]
ジェネリック,だから血液に代わる、更なる_____医薬品として、『うつくし姫』が僕に託した『お持たせ』は唾液だった。 　,ジェネリック[ジェネリック]
沙汰,なにせ既に一度、食しているのだから──もっとも、天国には血の池地獄がないのと同様（あるいは、僕の居場所がないのと同様）、天国での流血_____だって、あってはならない。 　,沙汰[さ‐た]
仲介,アセロラ姫とスーサイドマスターの間接キスを_____しているようで、なんだか複雑な気分もないではなかったけれど、ともかく、僕はストライクゾーンを外れた木乃伊にキスをした。 　,仲介[ちゅう‐かい]
さしも,いつも通り、恐ろしい把握力だ──_____のおねーさんも、僕が天国で鬼面をつけた裸の美女と、光栄にも意に沿わずキスしてきたことまでは把握していないと思うが、油断はできない。 　,さしも[さしも]
旨,美食を_____とする吸血鬼が、そのためには治療すら拒否するであろう吸血鬼が、しかし間違いなく口にするであろう食材。 　,旨[うま‐うま]
一滴,「お、お前様……、とうとう、そこまで見境がなく……」 　生き返るや否や実行された僕の行為を崇高な医療措置だと理解できないらしく、ショックで泣き止んだらしい忍が愕然としているが、僕は口の中にずっと溜めていた唾液を、_____残らずはき出すことに躍起だった。 　,一滴[いっ‐てき]
類推,現場検証をした段階では、三人目の木乃伊であるこの子は、今日の早朝辺りに吸血鬼に襲われたんじゃないかと_____していたけれど、どうやら被害にあったのは、昨日の未明のようだ」 「昨日？　,類推[るい‐すい]
底,「貯水湖の_____だ。,底[そこ]
失墜,こいつはこいつで、現在、神の座から_____する危機にある──今一番、この町でピンチにあるのは、案外、八九寺なのかもしれない。 　,失墜[しっ‐つい]
這う,情けない気持ちになりつつ、僕は木乃伊の下から_____出る……、そんな僕に臥煙さんは、「いや、お手柄だったよ、こよみん」と、意味のわからない慰めを言った。 　,這う[は・う]
匿う,僕は横たえられていた身体を起こし、新たなる神と古い鬼との間をかき分けるようにして、専門家の元締めに背を向けるようにして、この本殿に_____れていた、話題の中心であり、問題の中心である木乃伊へと這い寄った。 　,匿う[かくま・う]
制する,思わせぶりかつ想定外の発言の、その心を問いただそうとする僕をやんわり制して、臥煙さんは、「まず、報告」と口火を切った。 ,制する[せい・する]
増す,視界を閉ざしているので断定はできないが、おそらく既に面を外しているようで、その声は美しさを更に_____ていた──面でどうしても生じていたくぐもりがなくなっていた。 　,増す[まし]
逸脱,忍や、『うつくし姫』が語ったスーサイドマスター像からは、大きく_____する──陰湿で矮小な、そしてかなり一般的な、人間性を感じる。 　,逸脱[いつ‐だつ]
勢い,デストピア・ヴィルトゥオーゾ・スーサイドマスターの木乃伊──僕はその頭部を、壊してしまわないようにそっと捉えて、しかし駆け寄った_____のままに口づけした。 　,勢い[いきおい]
愕然,「お、お前様……、とうとう、そこまで見境がなく……」 　生き返るや否や実行された僕の行為を崇高な医療措置だと理解できないらしく、ショックで泣き止んだらしい忍が_____としているが、僕は口の中にずっと溜めていた唾液を、一滴残らずはき出すことに躍起だった。 　,愕然[がく‐ぜん]
全う,臥煙さんが今夜、夜っぴて捕獲しようとしていた、太古の吸血鬼が……、ついでに言うなら、僕は臥煙さんから託されていた任務を、まったく_____できないままに、勝手に地獄に落ちようとしていたのだから、言葉もない。 　,全う[まっとう]
企む,「八九寺ちゃんに頼るまいとしたこよみんの心意気も、忍ちゃんを遠ざけようとした私の_____も、どうやらぽいするしかなさそうだね。,企む[たくらみ]
投与,かくして、僕から口移しでお薬を_____させられた木乃伊は、飲まされたそれを、はき出そうとはしなかった。 　,投与[とう‐よ]
託す,リビング・メッセージでもダイイング・メッセージでもない、暗号化されているとも言えない、おみくじを使った伝言を斧乃木ちゃんに_____というのは、なんとも神様ならではだが……。 　,託す[たく・す]
穏やか,それに、学年をまたいだ交流はほとんどなかったとは言え、それでも下級生に、知り合いがまったくいなかったわけではないのだ……、彼女達が吸血鬼の被害に遭い、木乃伊化させられるかもしれないと思うと、やはり心_____ではいられない。 ,穏やか[おだ‐やか]
自責,「こよみんがぜんぜん蘇生する様子を見せないから、うっかり失敗して相棒ないしは友達を殺しちゃったんじゃないかって、この子達は_____の念にかられていたんだよ、今の今まで」 　と。 　,自責[じ‐せき]
綿密,それでもこうして生き返れたってことは、臥煙さんは、なんでも知ってるおねーさんは、僕がどんな体験をしてきたのか、把握しているのだろうか──少女と幼女に童女を通じて助力を乞われ、_____な計画に基づく徹夜仕事を緊急的に中断したであろう臥煙さんの心中は、測りにくい。 　,綿密[めん‐みつ]
抱える,左腕に_____ていた問題も解決し、神原の奴は元気潑剌絶好調みたいだし、ならばさっさと用件を片付けて、お暇しよう──先輩が親戚の叔母さんと遊んでいることがバレる前に。 ,抱える[かかえ]
発する,自分の親代わりみたいな吸血鬼が、生きるか死ぬかの瀬戸際なんだものな──まだ彼女も状況についていけていないようで、そこまで重い雰囲気を発してこそいないものの、おどけてばかりはいられないようだ。 　,発する[はっ・する]
蚊帳,儂の昔のツレが」 　忍はまたも驚いたようだった──まずいな、_____の外においていたことがバレる。 　,蚊帳[か‐ちょう]
託する,だから血液に代わる、更なるジェネリック医薬品として、『うつくし姫』が僕に託した『お持たせ』は唾液だった。 　,託する[たく・する]
危機,どころか、この世で一番、道から外れた専門家である──以前、僕が高校生だった頃、臥煙さんと仕事をご一緒したときには、あれもあれで不死身の怪異がからむ、かなりの_____的状況だったにもかかわらず、臥煙さんは頑なに影縫さんを頼ろうとはしなかった。 　,危機[き‐き]
復唱,と、_____するように訊き返した。,復唱[ふく‐しょう]
大逆,僕みたいな天下の_____人を、あろうことか天国に招いてまで、スーサイドマスターを復活させようとしたアセロラ姫に影響されて、決死にして必死にして万死の吸血鬼が犯人でない仮説をひねり出そうとしているだけか？ ,大逆[たい‐ぎゃく]
あつらえる,『８２０／２８０／６１０／１６０』 　数学科にはお_____向き。 　,あつらえる[あつらえ]
的中,忍が今回、蚊帳の外に置かれたのは、メンタルが不安定な元怪異の王が、己の生みの親にして名付け親の来日を知ったとき、どう動くか読めないから──と言うのがあったはずなのだが、こうしてみると、特に、そんな不安が_____した様子はない。 　,的中[てき‐ちゅう]
ぶっきらぼう,「ちゅーか、サインとして考えるなら、スーサイドマスターは、素数が何かも知らんと思うぞ」 　儂も知らんし、と忍が横合いから_____に言った──そのおざなりな態度はいただけないけれど、議論の輪にさえ入ってこようとしなかった、死屍累生死郎のときとは、えらい違いである。 　,ぶっきらぼう[ぶっきら‐ぼう]
残留,情緒的な理由として述べられた、信頼という言葉に偽りはないだろうけれど、実際的な理由として、暗号解読班として、僕は捜査陣への_____を認可されたわけだ。 　,残留[ざん‐りゅう]
素数,同様に『７』は、四番目の_____で、『79』は二十二番目の_____。 　,素数[そ‐すう]
号泣,_____するふたりの向こうに、呆れたようにたたずむ誰かの影があった──その誰かは、抜き身の大太刀ならぬ抜き身の小太刀を、ぶっきらぼうにも不作法にも、気軽に肩に抱えている。 　,号泣[ごう‐きゅう]
手の甲,_____にするそれではなく、唇と唇のキス。 　,手の甲[て‐の‐こう]
訴える,神様にも立場ってものがあるからな──友情に_____て、もしもあいつが神の座から転落すると、あの迷子は迷うことなく、そのまま地獄に直行してしまうのだ。 　,訴える[うったえ]
簡素,まあ、目覚めたときいきなり暴れだしたりしないようにという、臥煙さんなりの_____な封印なのかもしれない……、だとすると、『昔のツレ』が_____とは言え封印されるのを、忍が取り立てて何も言わず、スルーしていたのが不可解だが。 ,簡素[かん‐そ]
横たえる,僕は_____られていた身体を起こし、新たなる神と古い鬼との間をかき分けるようにして、専門家の元締めに背を向けるようにして、この本殿に匿われていた、話題の中心であり、問題の中心である木乃伊へと這い寄った。 　,横たえる[よこ‐た・える]
害する,いや、多少不機嫌そうではあるものの、それはこれまで蚊帳の外に置かれていたことに対して気分を害しているのであって、特段、スーサイドマスターを庇おうとしているようにも見えない。 　,害する[がい・する]
重んじる,「ま、八九寺ちゃんと、スーサイドマスターの関わりについてはあとで改めて聞かせてもらうとして、先にこよみんに伝えておきたいことがある」 　段取りを_____臥煙さんが、すんなりと話を戻した──僕のようなとっちらかりやすい人間にはありがたいＭＣだ。 　,重んじる[おもん・じる]
等しい,……こんな手のひら返しにも_____方針転換があっていいのかどうかのほうこそ定かではないけれど、ともあれ、官宮ちゃんが残した（か、吸血鬼が残した）メッセージ（か、サイン）は、次のようなものだった。 ,等しい[ひとし・い]
摂取,吸血鬼にとって、人間の血液は言うならば栄養素なわけだが、吸血対象の吸血鬼化に失敗するということは、同時に、栄養_____にも失敗したということになるのだろうか？ 　,摂取[しょう‐しゅ]
富む,証言みたいなものです──わたくしの言葉は、アテにならないとお考えください」 「…………」 「もっとも、すべてを知っているわけではありません……、わたくしが、阿良々木さまにできるアドバイスは、スーサイドマスターにとって甘露となる特効薬があるとするなら、それはヴァリエーションに_____だ血液のドリンク・バーではなく、選りすぐった誰かひとりの、抽出された血液だということです」 　たとえば。 　,富む[と・む]
沿う,いつも通り、恐ろしい把握力だ──さしものおねーさんも、僕が天国で鬼面をつけた裸の美女と、光栄にも意に_____ずキスしてきたことまでは把握していないと思うが、油断はできない。 　,沿う[そ・う]
路線,横合いから横槍が入って、地獄ではなく天国へと、大幅な_____変更をしていた──八九寺の計画は、その時点で破綻していた。 　,路線[ろ‐せん]
定か,まあ、詐欺師の先輩である臥煙さんの誓いに、果たしてどれくらいの信憑性があるのかは_____ではないけれど（ツインテイルも結ったことはあるかもしれない）、まあ、そんな約束があってもなくっても、やはり知らない顔のできるシチュエーションではない。 　,定か[さだ‐か]
命名,「第四の木乃伊、官宮鶚ちゃんが発見された現場には、第三の木乃伊だった口本教実ちゃんのとき同様に、暗号が残されていた──それがこよみんが_____したところのリビング・メッセージなのか、それとも吸血鬼のサインなのかは、定かではないがね」,命名[めい‐めい]
情緒,_____的な理由として述べられた、信頼という言葉に偽りはないだろうけれど、実際的な理由として、暗号解読班として、僕は捜査陣への残留を認可されたわけだ。 　,情緒[じょう‐しょ]
公算,もしも吸血鬼が女子高生に対して、『我こそは決死にして必死にして万死の吸血鬼、デストピア・ヴィルトゥオーゾ・スーサイドマスターなり』って名乗りをあげたら、それを鵜吞みにした被害者は、その名を残す_____が高いだろう？」 ,公算[こう‐さん]
是々非々,ともあれ、先発後発の_____はさておき、でもまあ、ポケットベルの暗号っぽいのも事実である──そうなると数学の出番はなくなる。,是々非々[ぜぜ‐ひひ]
かよう,「緊急事態だというのもありましたけれど、口止めされていたから、その辺の説明を阿良々木さん達には後回しにしていたのですが……、でもまあ、_____な容疑をかけられているとなっては、そうも言ってられませんね」 　黙秘権を放棄し、言いふらし権を活用します。 　,かよう[か‐よう]
さを,少しは戯言遣いやりすかちゃんの潔_____見習ってください」 「りすかちゃん、まだやり切ってないだろ」 「噂では十七年後に最終巻が出るらしいですよ」 　じゃあまだ結構先なんじゃね？ 　,さを[さ]
滝,わたしがいつも通り、日課の_____行をしておりますと……。 ,滝[たき]
掘り下げる,どうしてそこで斧乃木ちゃんが出てくるのかは謎だったが、どうも以前、斧乃木ちゃんがミスってピンチのときに、助けたという貸しがあるらしい……、斧乃木ちゃんのミスというのが僕には信じられないけれど、まあ、そう言われると、臥煙さんの前では_____にくかった。 ,掘り下げる[ほり‐さげ]
爪,「なので鹿_____らしく来日の目的を訊いてみますと、『かつての友であるキスショット・アセロラオリオン・ハートアンダーブレードを訪ねてきた』なんて仰る──まあ、仰られるまでもなく、その見事な金髪を見れば、鋭いわたしは忍さんの関係者なんだろうなあと察していましたが。 ,爪[そう]
前言撤回,臥煙さんにはあり得ない_____──ではないのか、そもそも臥煙さんは、スーサイドマスターが容疑者として浮上したこと自体、僕には伏せていた。 　,前言撤回[ぜんげん‐てっかい]
含み笑い,怪異譚には、それっぽいのも結構登場するにしても、そういうのは忍野くんのほうが得意だったな──もっとも、暗号を残していたことよりも、暗号を携帯電話に残していたことのほうが、材料としては強い」 　これまでの被害者のそれと違い、ロックが解けているということだからね──と、臥煙さんは_____を見せた。,含み笑い[ふくみ‐わらい]
唾液,なので現状、僕は口の中に血の池地獄のスープを含んで、二度目の復活を遂げたのだという設定になっている──お姫様の_____ではなく。 　,唾液[だ‐えき]
です,「はったりでも伊達でもなく、本当に万死の吸血鬼なのかもしれません、慣れた死にざまでした──吸血鬼の不死身性_____か。 ,です[です]
凝る,相当惑溺しないと、なかなか凝りに_____たダイイング・メッセージ（リビング・メッセージ）を残そうなんて、思えないだろうが──解いていけば、また『Ｄ／Ｖ／Ｓ』、ないしは『デストピア・ヴィルトゥオーゾ・スーサイドマスター』を意味する単語になるのだろうか？ 　,凝る[こごり]
収拾,今からでも正弦を呼ぶことができたら、相殺できるかもしれないんだが、あいつは独立独歩だからなあ」 　いずれにせよ、影縫さんの到着までに事態を_____できたらそれに越したことはないという事情に、変化はないようだった。 　,収拾[しゅう‐しゅう]
肩透かし,ただ、そう言われてしまうと、_____であることも否めない。,肩透かし[かた‐すかし]
おわす,「今から思えば、結界を張るのを得意とするおふたりをはじき出すのに結界を使っていたというのは、忍野扇さんらしい皮肉ですが、それを再利用、そして平和利用できるというのは、いいものです──もちろん、わたしじゃなくて、そこに_____偉大なる専門家、臥煙伊豆湖さまの才覚ですが。 ,おわす[おわ・す]
水没,僕の使っている携帯電話はそうじゃないけれど、ものによっては完全防水の、タフな機種も存在する──防水防塵、_____しても問題ないし、水圧にさえ問題がなければ、水中でも陸上と同じように使えるような。 ,水没[すい‐ぼつ]
機種,僕の使っている携帯電話はそうじゃないけれど、ものによっては完全防水の、タフな_____も存在する──防水防塵、水没しても問題ないし、水圧にさえ問題がなければ、水中でも陸上と同じように使えるような。 ,機種[き‐しゅ]
導く,それとも、まったく別の答が_____れるのか……、これだけではなんとも言えない。,導く[みち‐び・く]
浮上,臥煙さんにはあり得ない前言撤回──ではないのか、そもそも臥煙さんは、スーサイドマスターが容疑者として_____したこと自体、僕には伏せていた。 　,浮上[ふ‐じょう]
属す,同じ部活動に_____者同士、連体意識を持って同じ推理作家を愛読することも……。 　,属す[ぞく・す]
招致,確かに、死屍累生死郎のときのように、エピソードをこの町に_____していたならば、春休みの再現になりかねなかった──そういう意味では臥煙さんの、いつもの先見の明と言えなくはないが、ただし、忘れてはならないことがある。 　,招致[しょう‐ち]
水底,_____の泥に、指で書いたとか？　,水底[すい‐てい]
蝸牛,「ただ、元々_____の迷子だったわたしが、怪異だからという理由だけで、彼女を入国拒否するのもおかしな話です。 ,蝸牛[か‐ぎゅう]
純然,思えば、今や_____たる怪異とは言えない忍には、変化や変心が許されている──それで消滅してしまうということはない。 　,純然[じゅん‐ぜん]
言及,「具体的な_____は避けるけれど、スーサイドマスターに罪をなすりつけようとしている吸血鬼の存在は、想定できるよね」 「罪を──なすりつけ」 　いや。 　,言及[げん‐きゅう]
才覚,「今から思えば、結界を張るのを得意とするおふたりをはじき出すのに結界を使っていたというのは、忍野扇さんらしい皮肉ですが、それを再利用、そして平和利用できるというのは、いいものです──もちろん、わたしじゃなくて、そこにおわす偉大なる専門家、臥煙伊豆湖さまの_____ですが。 ,才覚[さい‐かく]
潜る,埋められていたと言うのは一面的な見方で、自分で_____たのかもしれません。,潜る[もぐ・る]
賛意,あんな暗号が発見された以上、無視できない筆頭の容疑者であったことは確かだがね」 　と、_____を示すようなことを言った。 　,賛意[さん‐い]
骨頂,「確かに、そんな大ジャンプで山頂に着地するなど、目立ちたがり屋の悪ふざけ、愚の_____じゃな」 　どの口が言っている。,骨頂[こっ‐ちょう]
なすりつける,「具体的な言及は避けるけれど、スーサイドマスターに罪を_____うとしている吸血鬼の存在は、想定できるよね」 「罪を──_____」 　いや。 　,なすりつける[なすり‐つ・ける]
語呂合わせ,_____の出番だ。 　,語呂合わせ[ごろ‐あわせ]
言いふらす,「緊急事態だというのもありましたけれど、口止めされていたから、その辺の説明を阿良々木さん達には後回しにしていたのですが……、でもまあ、かような容疑をかけられているとなっては、そうも言ってられませんね」 　黙秘権を放棄し、_____権を活用します。 　,言いふらす[い・う]
つまびらか,「さてと、私からの_____な情報公開はこれでおしまいだから、次はお待ちかね、八九寺ちゃんのお話を聞こうか」 　臥煙さんの抱える情報が、これですべて_____になったわけがないけれども、そこは聞き流して、僕は八九寺のほうに向き直った。 　,つまびらか[つまびら‐か]
通う,004 　私立直江津高校に_____ていた頃の阿良々木暦と、国立曲直瀬大学に_____始めた今の阿良々木暦の、もっとも顕著な違い、あるいは変化を問われたならば、それは通学手段だと答えるのが適切だろう。,通う[かよ・う]
混じる,いや、僕にではなく、命日子にはという意味なのだが、今回はアルファベットが_____ていない、数字のみの暗号である。 　,混じる[まじり]
倉,扇ちゃんなら『愚かですねえ』と笑うだろうし、老_____だったら『死ねばいいのに』と怒るだろう。 　,倉[くら]
山頂,用もないのに一般市民を、_____まで呼びつけはしない──やっぱり、現在この町で密やかに起こっている連続木乃伊吸血鬼騒動について、一言、もの申したいのだろうか？ 　,山頂[さん‐ちょう]
筒抜け,今回のことも含めて、僕達の動向って、天国にそこまで_____なのか？　,筒抜け[つつ‐ぬけ]
仰ぐ,どうしてそんなことをしなくちゃいけないのかはわからないが──僕が昼間に訊いたところの、『忍に今回の件について、どう伝えるか』を、臥煙さんが寝ながら考えた回答が、協力を_____ないどころか、むしろ遠のけるという作戦らしい。 　,仰ぐ[あお・ぐ]
甲斐,そこを説明してくれなければ、僕も天国に行った_____がない。 ,甲斐[かい]
嘆息,_____混じりに、新しい神様はそう言った──そんな権利があってたまるか。,嘆息[たん‐そく]
青ざめる,忍野や貝木、影縫と共に過ごした青春がね……、姉と過ごした青春でもあったが、うん、あれは文字通り、_____春だった」 「……それは失礼しました」 　でも、臥煙さん達の十代が想像できないのも、まごうことなく本当である……、まして、神原の母親、臥煙遠江さんの十代となれば。 ,青ざめる[あお‐ざ・める]
潔,少しは戯言遣いやりすかちゃんの_____さを見習ってください」 「りすかちゃん、まだやり切ってないだろ」 「噂では十七年後に最終巻が出るらしいですよ」 　じゃあまだ結構先なんじゃね？ 　,潔[けつ]
口止め,「緊急事態だというのもありましたけれど、_____されていたから、その辺の説明を阿良々木さん達には後回しにしていたのですが……、でもまあ、かような容疑をかけられているとなっては、そうも言ってられませんね」 　黙秘権を放棄し、言いふらし権を活用します。 　,口止め[くち‐どめ]
歪む,そこがはっきりしないことには、決して油断はならない……、アセロラ姫との対話を思い出す限り、死屍累生死郎のときのような、_____だ因縁はなさそうではあるものの……。 　,歪む[いが・む]
後進,その言いかただと、わたしのほうがあのクズより後発みたいになってますけれど……」 「先輩風を吹かせたいなら、そろそろ_____の行進に道を譲れよ。,後進[こう‐しん]
来訪,「で、復活した彼女は、わたしに_____の目的を告げました──ひょっとすると、わたしを入国管理官か何かと誤解したのかもしれません。,来訪[らい‐ほう]
行進,その言いかただと、わたしのほうがあのクズより後発みたいになってますけれど……」 「先輩風を吹かせたいなら、そろそろ後進の_____に道を譲れよ。,行進[こう‐しん]
はじき出す,「町を保護する結界を通過する怪異を、わたしは気取りました──説明は不要かと存じますが、一応お忘れかもしれないぼんやりした設定をお話ししておきますと、この結界は、かつて忍野扇さんが、忍野メメさんや影縫余弦さんを_____ために張っていた結界の、再利用ですね。 ,はじき出す[はじき]
のっぴきならない,六百年前の出来事を証言できる証人など、そうはいないという_____事情もあるにしても、臥煙さんも、 「ふむ。,のっぴきならない[ノッピキナラナイ]
匂わせる,私怨を匂わせずに頷いた……、さばさばしたおねーさんだ。 ,匂わせる[におわ・す]
笹,本来肉食動物であるの犬が、人と共にあるうちに、雑食になってしまったようなものか──毒性のあるユーカリを食べるようになったコアラとか、栄養価の低い_____しか食べないパンダとか。 ,笹[ささ]
クリシェ,嫌いだから食べられない』──って奴ですね」 「奴ですねって、_____みたいに言ってるけれど、誰の言葉だ、八九寺？」 ,クリシェ[クリシェ]
下ろす,これ以上の失点を重ねると、無害認定が解かれたり、神の座から引きずり_____れたりされかねない──『チーム失敗』と言って聞こえが悪ければ、『チーム保護観察』なのだ。 　,下ろす[おろ・す]
孤軍奮闘,そこは本人を尋問すればわかることだしね──こよみんが折角、_____の果てにあの世から持ち帰ってきた特効薬を、無駄にはできない。,孤軍奮闘[こぐん‐ふんとう]
既成事実,時機を逸して黙っていただけなのに、意図的に騙したみたいな_____ができあがっていくじゃないか。 　,既成事実[きせい‐じじつ]
おぼろ,うつくし姫』の血液を口にしてしまえば、他の人間の血など、水よりも薄かろう」 　忍の記憶が_____げなのは、『うつくし姫』を天国に切り離したからだと推察できるが──まあ、言っていることはわかる。 　,おぼろ[おぼ‐ろ]
めっきり,あの頃に比べれば、良くも悪くも_____大人にはなったけれど、しかし賢人や超人にはなれっこない。 　,めっきり[めっきり]
繰り出す,「もしも今の時点で、一番可能性の高い材料ばかりで仮説を立てるなら、八九寺ちゃんに見送られ、町に_____たスーサイドマスターが、忍ちゃんに会う前に、なぜか事件を起こしまくっているってことになる──そしてなぜか木乃伊化してしまったってことになる。,繰り出す[くり‐だし]
さえる,ストイックを完全に通り越したその習性は、修正不可能なほどに徹底されていて、実際、『うつくし姫』をこれと見込んだスーサイドマスターは、そのために幾度となく餓死さえしたと言っていた。 ,さえる[さえ]
口頭,ものが暗号の解読ですから、昨日みたいに、直に説明したほうがいいと思うんですが」 　図や式に書いて説明しなくちゃならない暗号だと、やはり電話越しの_____では伝わりにくくもあるだろう。 ,口頭[こう‐とう]
派手,「しかし忍ちゃんに言わせれば、そんな__________な登場の仕方こそ、スーサイドマスターのスーサイドマスターらしさなのだろうし、私も噂レベルではそう聞いている。,派手[は‐で]
偏愛,それはそれで偏食であり、_____だが。 ,偏愛[へん‐あい]
よう,本来肉食動物であるの犬が、人と共にあるうちに、雑食になってしまった_____なものか──毒性のあるユーカリを食べる_____になったコアラとか、栄養価の低い笹しか食べないパンダとか。 ,よう[よう]
尋問,そこは本人を_____すればわかることだしね──こよみんが折角、孤軍奮闘の果てにあの世から持ち帰ってきた特効薬を、無駄にはできない。,尋問[じん‐もん]
直に,第四の木乃伊、官宮鶚ちゃんを紹介するよ」 　紹介されても、まさか握手を交わすわけにもいくまいが、しかしまあ、それこそ_____、見ておいたほうがいいか……。 　,直に[じか‐に]
妖艶,可愛らしい幼女へと退行した──元々の姿は、儂の完全体よりも年上の、壮烈で_____な熟女じゃったと言うのに」 「熟女──」 「こよみん、熟女というワードに反応して私のほうを見たことを、おねーさんは熟女になるまで忘れないからね」 　さばさばした性格のおねーさんから、情念に満ちたリアクションがあった。 ,妖艶[よう‐えん]
壮烈,可愛らしい幼女へと退行した──元々の姿は、儂の完全体よりも年上の、_____で妖艶な熟女じゃったと言うのに」 「熟女──」 「こよみん、熟女というワードに反応して私のほうを見たことを、おねーさんは熟女になるまで忘れないからね」 　さばさばした性格のおねーさんから、情念に満ちたリアクションがあった。 ,壮烈[そう‐れつ]
一笑,しかし、_____に付されてしまっては、スムーズに話が続けられないな……、むろん、これは忍だけの責任とは言えない。 　,一笑[いっ‐しょう]
純粋,女子高生の部活動の闇を覗いてくる」 「吞み込まれないように気をつけてください」 　人生の酸いも甘いも嚙みわけた大人にする忠告でもなかったが、そう言わずにはいられなかった──まあ、臥煙さんが、『子供はみんな、可愛くて_____』なんて、それこそ可愛くて_____なことを思っているはずもないが。 ,純粋[じゅん‐すい]
風聞,「『死体城』の城主、デストピア・ヴィルトゥオーゾ・スーサイドマスターは、その悪名高さとは対照的に、実際の被害は_____でさえも、ほとんど聞こえてこない奇妙な吸血鬼なんだけれど──そのアンバランスな奇妙さが、また悪名を高くしていたわけだけれど──理由がわかったような気がするよ。,風聞[ふう‐ぶん]
心境,八九寺が今そうされているように、あるいは千石がそうされていたように、かつて、神の座に祭り上げられそうになった際、キスショット・アセロラオリオン・ハートアンダーブレードは、それを断った、鬼は鬼であり続けたという話があったが、人間から吸血鬼になったそのとき、あいつの_____はどうだったんだろう？ 　,心境[しん‐きょう]
貫く,大学卒業まで不干渉を_____てもらうという約束を放棄すれば、臥煙さんもその程度の無茶は聞いてくれるだろう──むろん、今回の件について、彼女が完全に無罪だった場合に限るが。 　,貫く[つら‐ぬ・く]
計る,しかたない、タイミングを_____ている場合じゃないか、忍の説を補強するためにも、ここで僕の死後体験を、横入りで語らせてもらおう。 ,計る[はか・る]
籠絡,まあ、忍がミスタードーナツで_____されたのは、あくまで吸血鬼でなくなったあとの話である……、でも、たとえ駄目元でも、アプローチしてみる価値はあるのでは。 　,籠絡[ろう‐らく]
明朝,もぐもぐと食し始める彼女を尻目に、僕は_____までの残り時間を計測する──今が午後十時だから、日の出まで、あと約七時間か。 　,明朝[みょう‐あさ]
餓死,ストイックを完全に通り越したその習性は、修正不可能なほどに徹底されていて、実際、『うつくし姫』をこれと見込んだスーサイドマスターは、そのために幾度となく_____さえしたと言っていた。 ,餓死[が‐し]
首尾,余弦と月火ちゃんの間柄についてはなんでも知ってるおねーさんはわけても熟知しているから──おっと」 　_____よく、臥煙さんが僕からの協力を取りつけたそのタイミングで、彼女の携帯電話が着信音を奏でた──いや、ここは院内なので、着信があったのは、ＰＨＳかもしれない。,首尾[しゅ‐び]
大仰,ついにそれを語るべきときが来たか」 　ハーフ＆ハーフを含め、僕が用意したドーナツをぺろりとたいらげた忍が、いかにも偉そうにどんと構えた──いや、そんな_____な秘密に触れたつもりはない。 ,大仰[おお‐ぎょう]
の,可愛らしい幼女へと退行した──元々_____姿は、儂_____完全体よりも年上_____、壮烈で妖艶な熟女じゃったと言う_____に」 「熟女──」 「こよみん、熟女というワードに反応して私_____ほうを見たことを、おねーさんは熟女になるまで忘れないからね」 　さばさばした性格_____おねーさんから、情念に満ちたリアクションがあった。 ,の[の]
き,木乃伊が僕を、引っ搔_____に_____た──引_____千切りに_____た。 ,き[しか]
グルメ,怪異だろうと何だろうと食い散らかす悪食な儂と違って、_____な吸血鬼じゃったな。,グルメ[グルメ]
児,まあ、羽川ならできるだろうし、命日子もできるだろう……、口本教実ちゃんが、古今まれに見る天才_____だった線は一応残すにしても、しかし、あの白紙の単語帳を見る限り、やっぱり勉強熱心な優等生だったとは思いにくい……。 　,児[こ]
備える,吸血鬼が絡んだ怪異現象なのだから、日が沈むまでに、できる限りのことはしておきたい──_____あれば憂いなし。 　,備える[そなえ]
潔癖,僕も高校生の頃ほど_____にはなれない。 　,潔癖[けっ‐ぺき]
突っ張る,こういう局面で、変に意地を張って_____なくなった辺り、確かに丸くなったとも言えるけれど、しかし、むしろ扱いにくくはなったな。 　,突っ張る[つっ‐ぱ・る]
念願,影でふたりの幼女を飼育するとは、いよいようぬ_____のハーレムの形成が、夢でなくなってきたのう」 　_____のハーレムって言うな。 　,念願[ねん‐がん]
収まる,そのために、眠いのを我慢して、儂はこうしてチャイルドシートにぎゅうぎゅうに_____ておる」 「考えたら、嫌なら別に、後部座席に出現すればいいだけの話なんだけどな。,収まる[おさま・る]
酸い,女子高生の部活動の闇を覗いてくる」 「吞み込まれないように気をつけてください」 　人生の_____も甘いも嚙みわけた大人にする忠告でもなかったが、そう言わずにはいられなかった──まあ、臥煙さんが、『子供はみんな、可愛くて純粋』なんて、それこそ可愛くて純粋なことを思っているはずもないが。 ,酸い[す・い]
飼育,影でふたりの幼女を_____するとは、いよいようぬ念願のハーレムの形成が、夢でなくなってきたのう」 　念願のハーレムって言うな。 　,飼育[し‐いく]
裁ける,日本の刑事訴訟法から殺人事件の時効が撤廃されたとは言っても、六百年前の犯罪行為を_____法など、世界中のどこにもない。 　,裁ける[さば・く]
閉ざす,はるばる会いに来た昔の眷属が、無害化されて幼女になって変態の、もとい人間の影に封じられとるなんて知ったら、スーサイドマスターは心を_____かもしれんぞ。,閉ざす[と‐ざ・す]
隠せる,なんでも知ってるおねーさんの、なんでも_____結界の効果にも限りがある。,隠せる[かく・す]
正気,五百九十九歳なのにチャイルドシートに座らされて、_____を保てる奴がおるか」 「スーサイドマスターに食われてやろうなんて、そんな殊勝なことを考えてはないよな？」 　,正気[しょう‐き]
付す,しかし、一笑に_____れてしまっては、スムーズに話が続けられないな……、むろん、これは忍だけの責任とは言えない。 　,付す[ふ・す]
高らか,かかっ、本番もその調子で頼むぞ」 　それこそ、板についたあるじっぷりで_____に笑い、忍は影の中へと沈んでいったのだった……、まるでチャイルドシートと同化していくかのような絵面だった。 　,高らか[たか‐らか]
出現,かつて、次から次に怪異譚が巻き起こっていた、神様不在だった時代ならばいざ知らず、どうしてこんな何の変哲もない地方都市に、まるでこつこつ築き上げた平和を嘲うがごとく、またしても吸血鬼が_____したのか、不思議に思っていたけれど──不思議だから怪異譚なのだと理解するしかないと思っていたけれど──そういう理由があったのだとすると、打って変わって一応の説明はつく。 　,出現[しゅつ‐げん]
張る,その前に、お前様が、儂に聞きたいことがあるんじゃないかと思うてのう」 　と、臥煙さんの向こうを_____かのように、お見通しだった。 　,張る[は・る]
砕ける,ドーナツを食べていればそれでご機嫌なところにまで_____たこの幼女が、再び、人の生き血をすする、伝説の吸血鬼に……。 　,砕ける[くだけ]
聴取,スーサイドマスターから話を聞くとき、儂がおったほうがよいじゃろ──なんなら、儂が_____を担当してもよい」 「──じゃ、お願いできるかな」 　どうして封印された怪異がそんな協力的なことを言い出すのか、ここであえて疑問を呈さなかった臥煙さんは、さすがと言えるだろう。 　,聴取[ちょう‐しゅ]
パリジェンヌ,_____くらい」 「いや、お前_____じゃなくて、見栄ッ_____だよ。,パリジェンヌ[パリジェンヌ]
保てる,五百九十九歳なのにチャイルドシートに座らされて、正気を_____奴がおるか」 「スーサイドマスターに食われてやろうなんて、そんな殊勝なことを考えてはないよな？」 　,保てる[た‐も・つ]
小細工,そんな_____、たぶんすぐにバレると……」 「お、早速役に入っておるではないか。『,小細工[こ‐ざいく]
拒む,ですが世の中には、合理的な治療を_____患者もいるのです──治療はおろか、医者にかかること自体を拒絶するかたも」 　自然に死にたい、という奴か。 　,拒む[こば・む]
貪る,僕からの質問を受け付けるみたいな感じで出現した癖に、言いたいことだけ言って──しかし、僕は駐車場にニュービートルを停めてからすぐに、まだ登校前で、早朝のランニング中だった神原と、下宿で惰眠を_____ていた老倉へと連絡を取ったのだった。 　,貪る[むさ‐ぼ・る]
下宿,自分に科す罰として、老倉の新しい_____先に遊びに行くことをここに誓おう。 ,下宿[げ‐しゅく]
惰眠,僕からの質問を受け付けるみたいな感じで出現した癖に、言いたいことだけ言って──しかし、僕は駐車場にニュービートルを停めてからすぐに、まだ登校前で、早朝のランニング中だった神原と、下宿で_____を貪っていた老倉へと連絡を取ったのだった。 　,惰眠[だ‐みん]
定める,数学科には珍しい文系寄りの授業で、早朝の講義であることを差し引いても人気があるとは言いがたいのだが、将来、暗号畑で働きたいと目標を_____ている命日子が、この授業を取っていないわけがなかった──まあ、あいつにとっては、国際言語学は『わけのわからない授業』じゃないんだけれど（その代わり、命日子は普通の語学が苦手だ）。 ,定める[さだめ]
構内,そんなことを考えながら曲直瀬大学の_____を、予定より早く到着してしまったので時間潰しにぶらぶら散策し（結構広い大学なので、まだ僕は_____のすべてを見切れていない。,構内[こう‐ない]
早朝,そう、あれは昨年度の、受験日当日の_____だった。 　,早朝[そう‐ちょう]
不毛,言語学とついていてもいわゆる語学の授業と違い、有名無名を問わずに古今東西、世界中の言語を同等に扱い、詳細に比較検討するという、最終的な着地点の見えない_____な授業だ──大学にはわけのわからない授業がたくさんある。 　,不毛[ふ‐もう]
さぐれる,新生活は兄ちゃんも同じで、大事な時期なんだから、それこそ兄ちゃんが高校生になったときみてーに、や_____のは勘弁だぞ」 「ためになる言葉だね。,さぐれる[さぐ・る]
まする,あんまりご機嫌が芳しくないみたいですけれど、またぞろ、僕がいない間に、不都合なニュースでもありましたか？」 ,まする[まし]
ぶつける,拳をこつんと_____あってから、命日子の隣に座り、「暗号の解読、またお願いしてもいいか？」,ぶつける[ぶつ・ける]
好ましい,難儀な性格であるが、そういうところが_____……、それが一概に悪いってわけじゃなかったんだろうけれど、僕とか、僕の高校時代の誇るべき人脈は、とかく理屈や目的がなければ動けなかった。 　,好ましい[このまし・い]
挙げ句,実際にはうまくやっているどころか、退治されかかって、殺されかかって死にかかって、_____の果てに死に損ねて、幼女化した上に、その辺のティーンエージャーの影に封じられているっていうんだから。 　,挙げ句[あげ‐く]
如何せん,今は月火ちゃんがひとりでムーンファイヤーだったかなんだったかで頑張ってるよ」 　聞いたような気もするけれど、_____、妹の情報が曖昧だな。 　,如何せん[いかん‐せ‐ん]
底抜け,火憐の性格が、よく言えば_____に明るいから、悪く言えば_____の馬鹿だからというだけではあるまい──周りがみんなぎすぎすしていたら、いかに明るい馬鹿でも、テンションは下がるだろう。,底抜け[そこ‐ぬけ]
はばかる,両親が共働き、長女が高校生、次女が中学生の阿良々木家なので、基本的に昼間は無人だ──ぬいぐるみとして潜入している斧乃木ちゃんと、_____ことなくおしゃべりできる。 　,はばかる[はばか・る]
ダウナー,新しい仲間とはうまくやっているのか」 　遺憾ながら、僕は過保護な兄の振りをして、生きた声を拾ってみるため、アンケートに乗り出した──お気楽な臥煙さんをして、_____にさせるようなどろどろを、火憐もまた、体験しているのだろうか。 ,ダウナー[ダウナー]
格闘技,部活動には所属しておらず、今も打撃系の_____道場に通っている──そんな感じ。 　,格闘技[かくとう‐ぎ]
漠然と,なので、_____、人間はそういうものなんだと思っていた節があったけれど、そうじゃない人間もいるんだと、命日子と友達になることで、僕は知った──蒙を啓かれた思いだった。 　,漠然と[ばく‐ぜん]
くじる,斧乃木ちゃんから見ればおみくじを受け取って、いきなり出かけていって、勝手に地獄に落ちたらしい、変な奴だろう……、斧乃木ちゃんに変な奴と思われることは耐えがたい。 　,くじる[くじ]
探れる,努力じゃなくて、必要なことをしろ』『無駄な努力をすれば夢はむしろ遠ざかる』って言ってたぜ」 「やっぱり印象がいいとは言えないよな……」 「『自分がラッキーボーイ・シンデレラガールになれる道を探れ』と、常々主張していた」 「月火ちゃんだけは、ビジネス書を出しちゃ駄目だな。,探れる[さぐ・る]
活かす,死屍累生死郎のときの反省を_____たみたいなことを言っていたし、あのときとは主従関係が逆だからと解釈していたけれど、そうじゃなくって、忍にとってスーサイドマスターは、純粋に『友達』みたいなものだったんじゃないだろうか？ 　,活かす[いか・す]
つんと,拳をこ_____ぶつけあってから、命日子の隣に座り、「暗号の解読、またお願いしてもいいか？」,つんと[つん‐と]
損ねる,実際にはうまくやっているどころか、退治されかかって、殺されかかって死にかかって、挙げ句の果てに死に_____て、幼女化した上に、その辺のティーンエージャーの影に封じられているっていうんだから。 　,損ねる[そこ・ねる]
そびれる,何かと忙しい斧乃木ちゃんは、今回の仕事に参加していないけれど、バレるまでの忍と違って、蚊帳の外に置かれているわけじゃない──会話が弾めば、なんとなく聞き_____てしまった、と言うか、聞きたいようで聞きたくない、スーサイドマスターと影縫さんの縁とやらも、やんわりと教えてもらえるかもしれない。 　,そびれる[そび・れる]
弁える,話していると、ＴＰＯも_____ずに笑ってしまいそうなプランではあったものの、 「うん、いいんじゃないの？」 　,弁える[わきまえ]
混ざる,兄ちゃん、今、どさくさに紛れようともせず、今年度初となる何を揉んだ効果音が_____たんだ？　,混ざる[まざ・る]
腐れ縁,この関係性を維持するためにも、やはり間違っても、命日子には僕の人脈、たとえば老倉は紹介できない──もちろん、大学に入学してまた繫がった老倉との_____も、絶対に手放さんつもりなのだが、あいつは縁が切れると言うより、あいつ自身が何でキレるかわからん。 ,腐れ縁[くされ‐えん]
伏線,阿良々木暦の_____殺しだ。 　,伏線[ふく‐せん]
拍子抜け,そんなわけで、_____した気持ちと胸を撫で下ろす気持ちがない交ぜな感じで、僕はシャワーを浴びて、ベッドに這入った。 　,拍子抜け[ひょうし‐ぬけ]
費やす,正直、僕には見当もつかないぜ」 　丸投げの構造に、無力感に苛まれないわけではないので、できれば自力で解きたかったというのもあって、隙間時間でチャレンジしてみようとも思っていたのだが、道中のほとんどを忍との対話に_____てしまった。 ,費やす[ついや・す]
閑話休題,031 　影縫さんの私怨というだけで、およそ余人には立ち入りがたいものを感じたので、_____。,閑話休題[かんわ‐きゅうだい]
償う,背信の_____である。 ,償う[つぐない]
伝聞,まあ、_____の種明かしで、少しでも気が晴れるなら、務めさせてもらおう。 　,伝聞[でん‐ぶん]
わく,正直、そこまで言われると、逆に興味も_____てくるが……、でも、触れないほうがいいんだろうな。,わく[わい]
沼,女子高生のコロニーに覚悟もなく踏み入って、どろどろの底なし_____に足を取られている間に、影縫が来ちゃうよー」 　来ちゃうよー、って、可愛く嘆かれても、そちらのほうが嘆かわしい。 　,沼[しょう]
貫ける,神原自身がメンバーだった女子バスケットボール部と、あくまで非公認であり、外部だったファンクラブとじゃあ、やっぱり質が違ってくるか──本人抜きで鉄の掟を_____ような、ストイシズムに満ちたファンクラブとなれば、日本有数のレベルになろう。 　,貫ける[つら‐ぬ・く]
煩わせる,通例はミドルネームが含まれる……、アルファベット二文字じゃ、やや不自然だ」 「そうですか……」 　命日子を_____（喜んでいたが）、授業をサボった割に（そうじゃなくてもサボっていたかもしれないけれど）、あまりヒントにならなかったな……、まあ、フィールドワークは無駄の繰り返しだと、忍野も言っていた。 　,煩わせる[わずらわ・す]
節,神原は努力家のスーパースターにありがちなように、自己評価がかなり低いから、『自分にできることは、頑張れば誰にでもできる』と信じている_____がある──人間的にはそちらのほうが評価できるのだけれど、しかし、『一生懸命努力すれば夢は必ず叶う』みたいなお題目を、全国レベルのカリスマが本気で語れば、それを鵜吞みにしてしまう後進も生まれよう。 　,節[せち]
種明かし,まあ、伝聞の_____で、少しでも気が晴れるなら、務めさせてもらおう。 　,種明かし[たね‐あかし]
崇拝,火憐の言う通り、神原が現役選手であり続けているときなら、ファンクラブの世代交代もあり得ただろうが、_____の対象が引退選手では、なかなか新規会員は集まるまい。 　,崇拝[すう‐はい]
か,ところで_____ら始まる本題がある_____、枕がねえじゃねえ_____。,か[か]
スト,「ちなみに官宮ちゃんも_____ラップをつけていたよ。,スト[スト]
気晴らし,頭の運動にも、_____にもなるしね」 　_____？ 　,気晴らし[き‐ばらし]
は,わたしなんか_____、ちょんがついている『７』_____、ひっくり返せば漢字の『七』に見えちゃうから、却って混同しちゃうけどねー。,は[は]
芳しい,それで成果が_____ないというのであれば、尚更である。 ,芳しい[か‐ぐわし・い]
馴染む,患者衣を着せられ、ベッドに寝かされたさまは、見慣れるということはなくっても、さすがにお馴染みだった。 　,馴染む[な‐じみ]
熱い,ファンは熱しやすく冷めやすいもんだ」 　ふうむ……、そう言われれば、そんなもんか。 　,熱い[あつ・い]
羽目,「打つ手を間違えると、私はまたしても、後輩を破門しなくちゃならない_____になる。,羽目[はめ]
平然,_____を装っているつもりだったけれど、こよみんに心配されるようじゃ、なんでも知ってるおねーさんも形無しだね。,平然[へい‐ぜん]
練る,_____のではなく、寝るのも仕事か。 　,練る[ね・る]
相反,ご主人様と眷属、あるじと奴隷だったみたいな解釈は、当人が口にした『昔のツレ』なんて、あえての軽妙な言い草とは、_____する。 　,相反[そう‐はん]
弾む,何かと忙しい斧乃木ちゃんは、今回の仕事に参加していないけれど、バレるまでの忍と違って、蚊帳の外に置かれているわけじゃない──会話が_____ば、なんとなく聞きそびれてしまった、と言うか、聞きたいようで聞きたくない、スーサイドマスターと影縫さんの縁とやらも、やんわりと教えてもらえるかもしれない。 　,弾む[はず・む]
志す,何気に疲れていたようで（心労もあったのだと思われる）、僕は午後までぐっすりと眠り、火憐が帰宅した音で目を覚ました──武道を_____ている割に、あいつの所作はがちゃがちゃうるさいので、すぐにわかる。 ,志す[こころ‐ざ・す]
懇切,事情を_____丁寧に説明するわけにもいかないので、僕は、「最近活動を再開したとか、そういう話は聞かないか？」,懇切[こん‐せつ]
真偽,魔法少女のお手伝いみたいなことをしているって噂もあったけれど、_____のほどは」 「ふうむ」 　影縫さんの再訪のこともあるし、あいつにはおとなしくしておいてほしいのだが、兄の言うことを聞く妹ではない。 　,真偽[しん‐ぎ]
深淵,_____を覗く者はまた_____から覗かれているようなものだ」 　どんな中身だったのだろう。 　,深淵[しん‐えん]
猛威,お礼と言ってはなんだが、影縫さんが現在、さながら_____を振るうハリケーンのように、この町に刻一刻と近付いていることを教えてあげるのもいいだろう──僕や臥煙さんにとっては、それは今となっては不都合なばかりの接近だが、影縫さんを『お姉ちゃん』と慕う（？）,猛威[もう‐い]
心労,斧乃木ちゃんと話すことができていれば、その辺への配慮もお願いできたんだけれど……、心配っつーか、_____が多いぜ。 　,心労[しん‐ろう]
次女,両親が共働き、長女が高校生、_____が中学生の阿良々木家なので、基本的に昼間は無人だ──ぬいぐるみとして潜入している斧乃木ちゃんと、はばかることなくおしゃべりできる。 　,次女[じ‐じょ]
派閥,聞きたかったのは、女子バスケットボール部と同じように、主軸であり核であった火憐が抜けたあとの、栂の木二中のコミュニティが、その後、どんな変遷を辿ったかなのだが──月火のパートナーという後釜を狙っての抗争が起きたり、_____争いがあったりはしなかったのだろうか？ ,派閥[は‐ばつ]
災い,そんな下心が_____したのか、帰宅してみると、両親＆姉妹のみならず、無表情でフリフリドレスなぬいぐるみも不在だった。 　,災い[わざ‐わい]
苛む,正直、僕には見当もつかないぜ」 　丸投げの構造に、無力感に_____れないわけではないので、できれば自力で解きたかったというのもあって、隙間時間でチャレンジしてみようとも思っていたのだが、道中のほとんどを忍との対話に費やしてしまった。 ,苛む[さいな・む]
指す,「うまくやってるってのがどういう学校生活を_____のかはしらねーけど、まあ新天地も楽しいぜ。,指す[さ・す]
後釜,聞きたかったのは、女子バスケットボール部と同じように、主軸であり核であった火憐が抜けたあとの、栂の木二中のコミュニティが、その後、どんな変遷を辿ったかなのだが──月火のパートナーという_____を狙っての抗争が起きたり、派閥争いがあったりはしなかったのだろうか？ ,後釜[あと‐がま]
破門,「打つ手を間違えると、私はまたしても、後輩を_____しなくちゃならない羽目になる。,破門[は‐もん]
高揚,神原自身、そんな形で衆目を集めるのを好む人間ではなかったしな──解読された暗号『Ｆ／Ｃ』が、ファンクラブと読めると気付いたときは、正直、少しは閃きを得たみたいな_____した気持ちになったものだが……、そんなに甘くなかったか。 　,高揚[こう‐よう]
高温,数字と同じで、世界中どこでも、あるいは宇宙のどこでも、_____は_____だし低温は低温、絶対零度は絶対零度のはずなのに、それでも温度は同様には表記されない──単位でズレる。 　,高温[こう‐おん]
難儀,_____な性格であるが、そういうところが好ましい……、それが一概に悪いってわけじゃなかったんだろうけれど、僕とか、僕の高校時代の誇るべき人脈は、とかく理屈や目的がなければ動けなかった。 　,難儀[なん‐ぎ]
熟女,可愛らしい幼女へと退行した──元々の姿は、儂の完全体よりも年上の、壮烈で妖艶な_____じゃったと言うのに」 「_____──」 「こよみん、_____というワードに反応して私のほうを見たことを、おねーさんは_____になるまで忘れないからね」 　さばさばした性格のおねーさんから、情念に満ちたリアクションがあった。 ,熟女[じゅく‐じょ]
そぐわない,スーサイドマスターの偽装工作という可能性だってあるさ」 　吸血行為を人間のせいにしようとする吸血鬼──なんだかせせこましくって、いじらしくさえあって、吸血鬼のイメージと_____ことこの上ないが、まあ、スーサイドマスターがでっちあげの罪を着せられようとしている可能性を考慮するなら、その逆も考慮しないわけにはいかないか。 　,そぐわない[そぐわ◦ない]
軽妙,ご主人様と眷属、あるじと奴隷だったみたいな解釈は、当人が口にした『昔のツレ』なんて、あえての_____な言い草とは、相反する。 　,軽妙[けい‐みょう]
相容れない,私は女子高生の頃からリーダー体質の指揮官タイプではあったけれど、確かに体育会系のみんなとは、なかなか_____たなー」 「臥煙さんにも女子高生だった頃があるんですね」 「おねーさんは生まれたときからおねーさんだったわけじゃないよ。,相容れない[あい‐いれ◦ない]
解読,僕も一応、するだけ挑戦してみますけれど、こういうのは、同じ人物が_____したほうが、答に統一性が出ると思いますので、明日の午前中まで、解答を待っていただいてもいいでしょうか」 　曲直瀬大学の一限目は八時から始まるので、命日子はその十五分前に教室に座るはずだ。,解読[かい‐どく]
食指,_____を動かされてしまうと。 　,食指[しょく‐し]
風土,神原が悪いわけじゃないとわかってはいても、今の女子バスケットボール部の現状は、そんな努力信仰で形成された_____なのだろう。 　,風土[ふう‐ど]
嘆く,027 　呼んでおいてこんなことを言うのもなんだけれど、もしも有名なデストピア・ヴィルトゥオーゾ・スーサイドマスターが関わっていると事前にわかっていたら、私はあんな生きた爆弾を呼び戻したりはしなかったよ──という臥煙さんの嘆き節を思い出しながら、僕が曲直瀬大学に向かってニュービートルのハンドルを切っていると、 「あの先輩キャラとしては、手の焼ける可愛い後輩を、北極から呼び戻す機会を、ずっと探っておったという感じなのかもしれんのう」 　と、忍が助手席に出現した。 　,嘆く[なげ・く]
尚更,ハードな練習で知られる女子バスケットボール部員だったとなれば、_____だ……、これから会う神原もそうだったけれど、あの部活動は相当、本分をないがしろにしないと成り立たないシステムになっていた。 　,尚更[なお‐さら]
事情聴取,ちゃんと_____をしよう」 『地獄』ではなく『あの世』と、天国を含む形で言うのが、なんだか見透かされているみたいな気分になる──いかにも見透かしの達人だった、忍野の先輩って感じだ。 ,事情聴取[じじょう‐ちょうしゅ]
却って,「それで、どうにかしなきゃって、三年のＯＧ会で集まってああでもないこうでもないと議論して、まあ、あれこれ対策を実行しないじゃなかったんですけれど、_____逆効果だったのか、櫛の歯が欠けていくように、この数日で部員が次々と学校に来なくなって──なまじ、表面上は何の問題も起きていないみたいにも見えるから、タチが悪いんです。,却って[かえっ‐て]
が,「まあ、芸_____ありませんけれど、前と同じ方法を使うの_____いいんじゃないですか？」 ,が[が]
仄めかす,025 　ブッフェではなく一品料理を好むというグルメな吸血鬼の偏食は、しかし、忍が_____ていた以上の重みと、アセロラ姫が教えてくれた以上の悲惨さを備えていたらしかった。 　,仄めかす[ほの‐めか・す]
語れる,決して同じようには_____ないにしても、僕も受験勉強をしていた頃、故意に何時間もぶっ続けで問題集に挑むことで、身体を壊す誘惑にかられたことがある──吸血鬼体質ゆえに、成果はあがらなかったけれど、しかしあのときはどうかしていたとしか言えない。 　,語れる[かた・る]
滞る,神様になりたてのわたしの目が、この町の隅々まで_____なく行き届いているようなら、そもそもこんな事件は起こっていないとも言えます。,滞る[とどこおり]
がんじがらめ,勝手に落ちこぼれた僕と、部活動で_____になって落ちこぼれようとしている現部員達とを、同日に語るのは無理があるとしても。 ,がんじがらめ[がんじ‐がらめ]
通過,ノンセキュリティでスーサイドマスターさんを_____させたことを、後悔しているわけではありませんが」 「まあ、そりゃな」 　八九寺にしてみれば、命の恩人に近いところもある──スーサイドマスターちゃんの来日時、八九寺は彼女に、山ごと踏み潰されていてもおかしくなかったのだ。 　,通過[つう‐か]
まで,ただ、乗りかかった船だし、毒を食らわば皿_____だ──女子バスケットボール部について、僕も今更、知らぬ存ぜぬを通す気はない。 　,まで[まで]
不仲,斧乃木ちゃんにならギリ頼めたかもしれないが、あいつは忍と_____だし、そして不在となれば、ここは僕ひとりで務めるしかないだろう。,不仲[ふ‐なか]
常人,なんでも自由に使ってくれ」 　改めて、この気さくさを模倣するのは、_____には不可能だと思った──無理をして天真爛漫を気取れば、ストレスでぶっ壊れる。 　,常人[じょう‐じん]
法規,八九寺が臥煙さんの指示通りに施した封印は、わかりやすく言うと目隠しと手枷足枷なのだが、白装束の幼女が目隠しをされて手枷足枷、その上でチャイルドシートに縛り付けられている図は、正直、_____上の安全を微塵も感じさせなかった。 　,法規[ほう‐き]
皿,ただ、乗りかかった船だし、毒を食らわば_____までだ──女子バスケットボール部について、僕も今更、知らぬ存ぜぬを通す気はない。 　,皿[さら]
見栄,_____とはなんだ」 　ですよね。 　,見栄[みえ]
被る,車の中にチャイルドを放置して、帰ってきたら木乃伊がふたつできているなんて展開は、御免_____。 ,被る[こうむ・る]
運搬,北白蛇神社から神原の家まで、まだ目覚めのとき（日没）を待つ太古の吸血鬼を_____するにあたって、ニュービートルの助手席に責任者である八九寺、後部座席にスーサイドマスターを安置するというフォーメーションを提案したのだが、_____対象のサイズから考えて、六歳サイズの幼女であるスーサイドマスターをチャイルドシートに固定したほうが法規上安全であるとの理屈の前に、僕は敗北した。 　,運搬[うん‐ぱん]
秘書,ここは_____に任せよう。 ,秘書[ひ‐しょ]
時刻,話して、封印術を教えてもらったとき、ちょいと探りを入れてみたんだけれど、向こうでもまだ、第五の木乃伊は見つかっていないみたいなんだよ」 「私の回想シーンに興味なさ過ぎでしょう、阿良々木さん」 「携帯電話の分析も続けているけれど、行方不明になって以降、電話もメールもアプリも、使用された形跡はなかったから、吸血_____の絞り込みは難しいってさ。,時刻[じ‐こく]
採寸,去年さんざん、この手でじかに_____したから、これは確かである。,採寸[さい‐すん]
心苦しい,死屍累生死郎のとき、僕の個人的な事情で巻き込んでしまったことを_____思っている身としては、それは避けたい事態だった。 　,心苦しい[こころ‐ぐるし・い]
隅々,神様になりたてのわたしの目が、この町の_____まで滞りなく行き届いているようなら、そもそもこんな事件は起こっていないとも言えます。,隅々[ぐう]
主従,その取り返しのつかないトラウマを、払拭できる機会になればいいのにという気持ちもありました──もっとも、現在、事実上人間の奴隷化している忍さんに、スーサイドマスターさんを会わせることに不安がなかったかと言えば、噓になりますが」 　なので_____関係ごっこには、さしあたり賛成ですと、八九寺は言った。 ,主従[しゅう‐じゅう]
賛否,「いやー、自転車好きだった阿良々木さんが自動車を乗り回すというのは_____両論ありましたけれども、確かに機動力が違うことは認めざるを得ませんね。,賛否[さん‐ぴ]
偽る,たとえ相手が敬愛する先輩でも、自分を_____タイプじゃない──あるがままの自分で突撃するタイプだ。,偽る[いつわ・る]
物言う,まるで忍ちゃんが昔の知り合いと再会するにあたって、知恵を求めているかのような物言いじゃないか」 「そんな物言いしてねえよ」 　忍ちゃんの名前なんて出してねえ。 　,物言う[もの‐いい]
進展,臥煙さんは不本意そうだけれど、冷たいことを言うなら、これは事件の_____と言うより、捜査の_____であることに間違いはなかった──見つけようが見つけまいが、その子がとっくに木乃伊化していたことに、変わりはないのだから。 　,進展[しん‐てん]
施す,そう言えば、木乃伊が寝かされていた病室には、やはりカーテンが引かれていた……、たぶん、それ以外にも、木乃伊を封じるための策が、あの病室にはあれこれ_____れていたのだろう。 　,施す[ほどこし]
打破る,「それなのに、私が血みどろのリスクを冒してまで、阿良々木先輩にこのマル秘の名簿をお貸しするのは、直江津高校女子バスケットボール部の現状を、あなたなら打破してくれるんじゃないかと期待しているからです」 「……？　,打破る[だ‐は]
払拭,そもそも、女子高生と同じ（ではないにせよ）、木乃伊として発見されたからと言って、彼女──返す返すも、『Ｄ／Ｖ／Ｓ』が幼女だったとは──の疑いが_____されたわけではないけれど、どうも事態が混迷を極めていることは間違いない。 　,払拭[ふっ‐しき]
来日,同属狩りの吸血鬼ハンターとして、その怪異の王を追って_____した巨漢、プロフェッショナルのドラマツルギー……、同じく吸血鬼ハンターの、白ランのプロフェッショナル、エピソードは、厳密にはヴァンパイア・ハーフだけれど、まあ、ダンピールなら数に入れてもいいだろう。 　,来日[らい‐じつ]
引き裂く,聖なる日が没した今こそ、棺桶を_____蘇らん！　,引き裂く[ひき‐さ・く]
見据える,僕ではなく、その金眼は、僕の影の上に立つ、この庭に居るもうひとりの幼女を_____ていた──目覚めて一瞬で、太古の吸血鬼は、かつての眷属を感知した。 　,見据える[み‐す・える]
取り繕う,なんじゃ」 「咄嗟に_____ても……、まあいいや、なあ、忍さま。,取り繕う[とり‐つくろ・う]
目鼻立ち,これまで、斧乃木ちゃんばりの無表情に見えていたスーサイドマスター女史の_____が、開眼したことで明らかになる──同じ金髪金眼でも、忍とはだいぶん、趣が違った。 　,目鼻立ち[めはな‐だち]
詠唱,と、臥煙さんが、数十年前に一世を風靡した魔法の呪文みたいなものを_____し始めた──ギャグっぽいけど、マジなんだよな？ ,詠唱[えい‐しょう]
拒絶,「まったく、私の自慢の姉を_____した神原の家に、私がこうしてお邪魔することがあろうとはね──因果ってのは、巡る巡る」 　面白がるように言いながら、臥煙さんは一升瓶を無造作にひっくり返し、白装束の幼女の全身に浴びせた。 　,拒絶[きょ‐ぜつ]
泥沼,よかった、その泰然とした振る舞いを見る限り、女子高生のどろどろの_____からは、臥煙さんは無事に脱け出したらしかった。 ,泥沼[でい‐しょう]
茣蓙,まだ木乃伊化の影響が残っているのか、_____から起き上がることはできないようだが、その表情は豊かで、忍との再会を、彼女が本当に喜んでいることがわかる。 　,茣蓙[ご‐ざ]
十字架,吸血鬼にはワインのほうがいいんだけれど、ここは日本式に、鬼には御神酒といこうかと」 　まあ、神社の神様が立ち会う日本屋敷で、_____や聖水をよりどころにするわけにもいかないか……、まるで深夜の酒盛りに来たかのような振る舞いだが、日本屋敷じゃそれも粋だ。 ,十字架[じゅうじ‐か]
弾ける,先ほど振りかけられた酒が、一瞬で蒸発する──手枷足枷のみならず、白装束の帯までが、目隠し布と同じように_____飛んだ。 　,弾ける[はじ・く]
呪文,なんちゃって、と最後につけられたら納得してしまいそうなベタな_____だったけれど、その瞬間、安酒でびしょびしょになった、横たわる幼女の身体が金色に発光した──気がした。 　,呪文[じゅ‐もん]
日没,なんでしょう」 　いよいよ_____が迫ってきた。,日没[にち‐ぼつ]
侵犯,035 　ロケ地に神原家を選んだと言っても、壊滅的に散らかっている後輩の部屋を、日没までに片付けるのは事実上不可能だし、かと言って、いくら好きに使ってくれていいと言われたところで、お祖父ちゃんお祖母ちゃんの領地を_____するのはありえないので、デストピア・ヴィルトゥオーゾ・スーサイドマスター復活の地には、日本屋敷の庭を使わせてもらうことにした。 　,侵犯[しん‐ぱん]
報う,その様子に、いろんな苦労が_____れていくようだ──まあ、そのほとんどが取り越し苦労だっただけだけれど。 　,報う[むく・う]
突如,実際には、死んだように眠っていた彼女が、_____、その両目をかっと開いただけだった──目隠しがはじけ飛びあらわになった、髪と同じ金色の両眼が、光を放ったように感じたのだ。 　,突如[とつ‐じょ]
和気藹々,「_____と、うまく話は転がっているようだし、ここは八九寺ちゃんに立ち会いを任せて、しばらく人間は席を外そうか。,和気藹々[わき‐あいあい]
母性,きみは駿河の先輩どころか、お母さんになりつつあるよ」 　実の母よりよっぽど_____的だ、と臥煙さん。 　,母性[ぼ‐せい]
所持,ひとつは、目下行方不明の女子バスケットボール部員の最後のひとり、木石総和ちゃんの、_____品が発見された」 「_____品……、_____品、だけですか？」 ,所持[しょ‐じ]
優遇,「でも、それこそ死屍累生死郎さんの件もありましたからね、関係者というだけで、_____はできません──臥煙さまの仰る通り、吸血鬼は、それ自体で脅威な怪異であるわけですし。 ,優遇[ゆう‐ぐう]
貸与,メンバー個々人に専用のロッカーが_____されている」 　優遇されているな、女子バスケットボール部。 　,貸与[たい‐よ]
否める,結果が出てしまうと過程を否定しづらくなるのも事実だし、同じことを言っても、同じことをやっても、実行する人間が変われば、印象が変わるというのは、_____ない現実だ──けれど、そういうことなら、神原や日傘ちゃんが、自分達の真似をしているだけの後輩達を指導しにくいのはよくわかる。 ,否める[いな・む]
づける,こよみんが先代の主将から借り受けたくれた名簿、個人情報の宝庫から、暗証番号を類推した」 　さすがにまんま生年月日とかではなかったけれど、キャッシュカードの番号でもないんだから、どうしても日常使いには、個人情報に紐_____た番号を選んじゃうもんなんだよね──と、臥煙さんはあっけらかんと言った。 　,づける[づけ]
隠匿,この部屋ほどじゃないにしても、かなりぐちゃぐちゃに詰め込まれていたからね──まるで、邪魔なものを適当に押し込んだかのごとく」 　木石ちゃんが整理整頓の苦手なタイプだったのかもしれないが、それについては別のとらえかたもできる──彼女を襲った犯人が、証拠となるような木石ちゃんの所持品を、_____するために粗雑に押し込んだ。 　,隠匿[いん‐とく]
粗雑,この部屋ほどじゃないにしても、かなりぐちゃぐちゃに詰め込まれていたからね──まるで、邪魔なものを適当に押し込んだかのごとく」 　木石ちゃんが整理整頓の苦手なタイプだったのかもしれないが、それについては別のとらえかたもできる──彼女を襲った犯人が、証拠となるような木石ちゃんの所持品を、隠匿するために_____に押し込んだ。 　,粗雑[そ‐ざつ]
拙い,どうして木石ちゃんに限って、そんな_____隠蔽工作を？」 ,拙い[つたな・い]
隠蔽,それこそ、町を統べる神である八九寺でもなければ、その山に住まう八九寺でもなければ、そう簡単には見つけられなかったであろう_____工作だ。 　,隠蔽[いん‐ぺい]
細やか,女子バスケットボール部員の容疑は既に晴れている──どうやって『気配りも_____』に、吸血犯はロッカーを開け、そして閉めたのだ？ 　,細やか[こま‐やか]
工作,できる限りの情報収集だ」 「僕は官宮ちゃんの残したリビング・メッセージ担当ですね」 「官宮ちゃんが残したかもしれないリビング・メッセージ、犯人が記したかもしれない署名、犯人がスーサイドマスターの犯行に見せかけるために施したかもしれない偽装_____担当、さ。,工作[こう‐さく]
漏洩,037 　個人情報の_____を危ぶんでいた、僕達の捜査情報のほうが_____している可能性を示唆され愕然としたけれど、しかし最悪のニュースは、むしろこのあとに待ち構えていた。 　,漏洩[ろう‐えい]
示唆,そもそもわたし、迷子の神であり、お散歩の神ですから」 　神の視点から捜査協力をさせていただきましょう、と八九寺──それも『神の視点』と言いたかっただけかもしれないが、自分が入国させた海外からの怪異が、町で被害を出している可能性を_____されれば、中立を気取ってもいられないのだろう。 　,示唆[し‐さ]
過多,神様不在の儀によって、既に十分、怪異_____だったこの町に。 ,過多[か‐た]
筆頭,「じゃあ、その吸血鬼──私が捜索していた_____の容疑者であるところの、デストピア・ヴィルトゥオーゾ・スーサイドマスターが覚醒する前に、私の側の事情も把握してもらおうか。,筆頭[ひっ‐とう]
危うい,「それも_____考えかたなんだけどね。,危うい[あやう・い]
温床,それに、どうしたってヒューマンエラーは避けられない──なまじ証拠の王様みたいに扱われるから、イコールで冤罪の_____にもなりうる」 　そうだ。,温床[おん‐しょう]
濃い,「うん、だから、スーサイドマスターの容疑が_____なったことは事実で、今夜の事情聴取の意味合いも変わってくる──あの幼女が何と言おうと、確保せざるを得なくなっている。,濃い[こ・い]
決壊,こよみんは吸血鬼化して以来、ダイエットとは無縁だろうけれど、断食系は一度_____すると、ものすごい勢いでリバウンドするからねえ──暴飲暴食、鯨飲馬食だ」 「でも──」 「まあそう急くなよ、こよみん。,決壊[けっ‐かい]
鯨飲馬食,こよみんは吸血鬼化して以来、ダイエットとは無縁だろうけれど、断食系は一度決壊すると、ものすごい勢いでリバウンドするからねえ──暴飲暴食、_____だ」 「でも──」 「まあそう急くなよ、こよみん。,鯨飲馬食[げいいん‐ばしょく]
蓋然性,スーサイドマスターの犯行を否定する材料だってあるんだ──忍ちゃんの証言をどれくらい採用するかは置いておくにしたって、千年生きた太古の吸血鬼が、女子更衣室にこそこそ忍び込んでこそこそロッカーに細工したなんて珍説に、どれほどの_____があるって言うんだい？」 　,蓋然性[がいぜん‐せい]
到る,乾眠に_____筋道がないのだ。 　,到る[いた・る]
俄然,となると、_____気になってくるのは、 「もしもあのとき、僕が吸血鬼化に失敗していたら、いったいどうなってたんだ？　,俄然[が‐ぜん]
近い,とは言え、白紙に_____と思われた口本ちゃんの単語帳の、裏面のほうはみっちり使い込まれているなんて奇妙なことはなく、裏も表と同様にほぼ白紙で──ただし、命日子の指摘通り、『Ｂ７７７Ｑ』と記された最初の一枚の裏面にだけは、表面よりも更に乱れた筆致で、『２３１』と記されていた──『２３１』？ ,近い[ちか・い]
笑む,近うよれ」 　どうやら起き上がれるようになったらしく、日本屋敷の枯山水、庭石の上に片膝を立てて腰掛けた幼女は、封印解除の際にはだけた白装束を気にもせず、凄惨な笑みと共に僕を出迎えた──さっきの高笑いの応酬でも思ったことだけれど、忍の、またはキスショット・アセロラオリオン・ハートアンダーブレードの特徴的な笑みは、どうやら生みの親にして名付け親譲りのものだったらしい。 　,笑む[えみ]
生みの親,近うよれ」 　どうやら起き上がれるようになったらしく、日本屋敷の枯山水、庭石の上に片膝を立てて腰掛けた幼女は、封印解除の際にはだけた白装束を気にもせず、凄惨な笑みと共に僕を出迎えた──さっきの高笑いの応酬でも思ったことだけれど、忍の、またはキスショット・アセロラオリオン・ハートアンダーブレードの特徴的な笑みは、どうやら_____にして名付け親譲りのものだったらしい。 　,生みの親[うみ‐の‐おや]
な,命日子に話してあげたい生きかただ_____。 ,な[な]
粋,しかしなんか、幼女の外観に比して、_____な感じのキャラクターだ。,粋[いき]
障る,まったく癪に_____ない──ダンディズムの塊みたいな幼女だ。,障る[さわ・る]
蘇る,まずは、どうやらまた死んでしまったらしい俺様を_____せてくれたこと──そして、それよりも、俺様の眷属だったキスショット・アセロラオリオン・ハートアンダーブレードを、_____せてくれたこと」 　礼を言う。 　,蘇る[よみ‐がえ・る]
仕草,と訊かれれば、お手上げするしかなかったのだが、しかしなんでも知ってるおねーさんは、 「…………」 　と、更なる追及をするでもなく、しかして感想を述べるでもなく、口元に手を当て、静かに考え込むような_____を見せた。 　,仕草[し‐ぐさ]
機先,と言うか、まっすぐに礼を言われてしまうと、先手を打たれたような気分になるな──見事に_____を制されてしまった。 　,機先[き‐さき]
制す,と言うか、まっすぐに礼を言われてしまうと、先手を打たれたような気分になるな──見事に機先を_____れてしまった。 　,制す[せい・す]
疑心暗鬼,こっちは、疑いのまなざしをもって、吸血鬼ならぬ_____で、面会に応じているというのに──助けを求めるように忍を見てみると、 「ま、あらかた話しておる」 　と、素っ気ない返事だった。 　,疑心暗鬼[ぎしん‐あんき]
素っ気,否、_____ないと言うより、彼女も彼女で、困惑しているようだった。 ,素っ気[そっ‐け]
し,否、素っ気ないと言うより、彼女も彼女で、困惑_____ているようだった。 ,し[し]
困惑,否、素っ気ないと言うより、彼女も彼女で、_____しているようだった。 ,困惑[こん‐わく]
付け加える,こうなると、もうふたりで話すよりも、お前様に参加してもらったほうがよかろうと思って」 　とりあえず連続吸血犯じゃという疑いについては否定しておるぞ、と、ついでに_____ように、忍は言った──それ、ついでに_____ような情報か？ 　,付け加える[つけ‐くわ・える]
老骨,ともかく、スーサイドマスターは、忍の身を案じて、様子を見るためにはるばる、_____にむち打ち、この国へやってきたと言う。 　,老骨[ろう‐こつ]
満更,死んだと思うとったのは、こっちも同じじゃがの」 　と、忍は毒づいてみせたが、意外と_____でもなさそうだった。 　,満更[まんざら]
え,キスショットの無事も確認できたし、俺様としてはさっさとアジトに帰りて_____んだが、なんだかキナ臭_____ことになってるらしいじゃね_____か。,え[え]
臭,キスショットの無事も確認できたし、俺様としてはさっさとアジトに帰りてえんだが、なんだかキナ_____えことになってるらしいじゃねえか。,臭[しゅう]
静観,参ったな、こちらが国外逃亡の相談を持ちかけられるとは思わなかった……、臥煙さんが_____しているということは、このまま手探りのトークを続けろということか？ ,静観[せい‐かん]
折角,_____解読したのに、ストレス溜め子ちゃんだよー。,折角[せっ‐かく]
やぶさか,「……忍の類縁は僕の類縁ですから、_____じゃありませんが──その前に、はっきりさせたいことがあります。,やぶさか[やぶさ‐か]
生む,ついにそれを語るべきときが来たか」 　忍はさっきと同じ演出を繰り返し、引き出しの少なさを露呈しながら、 「決死にして必死にして万死の吸血鬼──かつての儂の生みの親にして名付け親、デストピア・ヴィルトゥオーゾ・スーサイドマスターについて語るべきときが」 　と言った。 　,生む[うみ]
畏敬,あなたほどの存在が」 　あなたほどの存在と言えるほど、僕はスーサイドマスターを知らないけれど（昨日まで知らなかった）、しかし怪異の王の生みの親にして名付け親というだけで、_____するには十分だ。 　,畏敬[い‐けい]
脅威,「でも、それこそ死屍累生死郎さんの件もありましたからね、関係者というだけで、優遇はできません──臥煙さまの仰る通り、吸血鬼は、それ自体で_____な怪異であるわけですし。 ,脅威[きょう‐い]
幼い,「日本の人間は歳を重ねてもベビーフェイスだって噂は聞いていたが、この国の神はこんなに_____のかと、エキゾチックな文化の違いに、年甲斐もなくわくわくしていたんだが、どうも何やら、様子がおかしい。 ,幼い[いとけ‐な・い]
トラウマ,「俺様にはかつて、愛する眷属にさんざ心配をかけた挙句、頓死させちまったって_____が──あのときも幼体化していたみてーだし。 ,トラウマ[トラウマ]
駆使,とは言え、ここで全身を_____して、動揺を表現するのはうまくない。 　,駆使[く‐し]
試行錯誤,「こうして実際に会ってみりゃあ、お互いに幼体化していたってオチだし、そんなもんがいかに余計な_____だったのかは瞭然なんだが、当時の俺様は大真面目だった。 ,試行錯誤[しこう‐さくご]
着飾る,「せめて俺様は、再会に際して、表面上だけでも正装しようと思った──完全体になるのは無理でも、せめて上っ面だけでも_____うと思った。 ,着飾る[き‐かざ・る]
無垢,_____に？ 　,無垢[む‐く]
毒牙,忍が楽しげに語る怪異譚の主人公が、直江津高校の女子生徒を次々と_____に──鬼牙にかけているとなると、さすがにあまり微笑ましく聞いてもいられない。 ,毒牙[どく‐が]
悪びれる,そう語るスーサイドマスターの、_____ない態度には覚えがあった──言うまでもなく、僕が過ごした地獄のような春休みにおける、キスショット・アセロラオリオン・ハートアンダーブレードの態度である。 　,悪びれる[あく]
道徳的,お互いに見栄を張ろうとしていたなんてのは、まるで_____な教訓を含むおとぎ話のようであり、その辺、類は友を呼んだという気もするにはするのだけれど、悪びれなさの類似に関して言えば、そんな微笑ましいものじゃない。 　,道徳的[どうとく‐てき]
教訓,お互いに見栄を張ろうとしていたなんてのは、まるで道徳的な_____を含むおとぎ話のようであり、その辺、類は友を呼んだという気もするにはするのだけれど、悪びれなさの類似に関して言えば、そんな微笑ましいものじゃない。 　,教訓[きょう‐くん]
類似,お互いに見栄を張ろうとしていたなんてのは、まるで道徳的な教訓を含むおとぎ話のようであり、その辺、類は友を呼んだという気もするにはするのだけれど、悪びれなさの_____に関して言えば、そんな微笑ましいものじゃない。 　,類似[るい‐じ]
糧,あの春休みにおいて、怪異の王は、人間を_____とすることに、それこそ何の疑問も持っていなかった──人間は、吸血鬼に食べられるために生まれてきたのだとさえ思っていた。 　,糧[かて]
古びる,記憶に新しい──_____ない。 　,古びる[ふるび]
適う,「嫌だからと言って、嫌々食べるのもどうかだしな──理想的には、俺様が口を開けているところに、食材のほうから飛び込んできてくれれば、意に沿わず、眼鏡に_____ない、信念に反する食材を食べる言い訳にもなる。 ,適う[かな・う]
味気,「ま、土台、六百年前のような甘露を、一度でも味わっちまえば、もうそれ以上の食材なんて望めねえ──何を食っても_____ねえに決まってるんだ。 ,味気[あじ]
曲げる,体罰や行き過ぎた上下関係が横行していた時代を経験した指導者が、『今の時代には合わないかもしれないけれど、あれはあれでよかった』って、自説を_____られないように。,曲げる[ま・げる]
唐突,_____に語りが終わってしまって、僕の理解は咄嗟には追いつかなかった──今、その重厚なテーマ性のある、それゆえにぐったりしてしまうダウナーな話に、どんなオチがついたんだ？ 　,唐突[とう‐とつ]
咄嗟,臥煙さんには何やら仮説もあるようだし、命日子の解読そのものは、僕もこれであっていると思う──ただ、被害者が木乃伊化する直前に、_____に遺した暗号とするなら、ちょっと込み入り過ぎているように感じるのも事実だ。 　,咄嗟[とっ‐さ]
渡航,_____の目的も含めてね」 　そうである。 　,渡航[と‐こう]
硬水,ちょうどそれは、渡航先で、水を飲んでいいかどうかがガイドブックには必ず記してあるみたいに──軟水だからどうとか_____だからどうとか、生水とか飲み水とか……。 　,硬水[こう‐すい]
飢える,_____て弱って幼女となった末に。 　,飢える[うえ]
百戦錬磨,_____の臥煙さんをして、一時はローテンションに陥らせてしまった、直江津高校女子バスケットボール部内のどろどろを、血液という、これまた個人情報の塊を吞み込むことで、体感してしまったのか？　,百戦錬磨[ひゃくせん‐れんま]
塊,あの正義感の_____が？ ,塊[かい]
けったい,もう二度と、『臥煙・ＴＨＥなんでも知ってる・伊豆湖』とは名乗らないと誓おう」 　いや、そんな_____な名乗りかたしたことないだろ。 　,けったい[けっ‐たい]
眉を,その同音異義語に、海外からのお客様は不思議そうに金色の_____動かしたが、僕もそれと似たような気持ちではあった──どういうことだ？ 　,眉を[び]
経緯,暗号も気になるが、それ以上に気になるところだ──この町神が、いったい木乃伊の幼女を、どういった_____で保護したのか。 　,経緯[いき‐さつ]
狡い,まあ、そんな小_____知恵が代償を食らうのも、ダイエットと同じだというのは、ある種教訓めいているにしても──食中毒に陥り、緊急避難的な乾眠としての木乃伊になったスーサイドマスターを、じゃあ山に埋めたのは誰なんだという謎については、まるっきり解決していない。 　,狡い[こす・い]
取り次ぐ,まさか電話を_____だ、わたしの功績をお忘れですか？」 ,取り次ぐ[とり‐つ・ぐ]
担う,「八九神、電話を取り次いだくらいでそこまで重責を_____れても困るんだが」 　そう。,担う[にな・う]
軟弱,043 　今の今まで、その身を案じていた婦女子を、今度はチームメイトを襲う凶悪な犯人と見なさなければならないというアップダウンは、僕の_____な精神にはなかなか応える砂利道だったが、しかしここですべてを投げ出すようでは、十七歳の春休みや十八歳のゴールデンウィークから、成長を遂げているとは言えない。 　,軟弱[なん‐じゃく]
砂利,043 　今の今まで、その身を案じていた婦女子を、今度はチームメイトを襲う凶悪な犯人と見なさなければならないというアップダウンは、僕の軟弱な精神にはなかなか応える_____道だったが、しかしここですべてを投げ出すようでは、十七歳の春休みや十八歳のゴールデンウィークから、成長を遂げているとは言えない。 　,砂利[ざり]
安否,「俺様の生んだ伝説、キスショット・アセロラオリオン・ハートアンダーブレードの_____を確認しようって腹だったわけだが、到着早々、俺様の_____がしれなくなったってんだから心底笑える。 ,安否[あん‐ぴ]
跡形,神原の影響が強い女子バスケットボール部の部員だったなら、知らないはずのない組織だ──もっとも、_____もなく解散していることまでは、さすがに知らなかったようだが。 　,跡形[あと‐かた]
腑,いずれにしても、身を隠そうとしたり、罪を隠そうとしたり、責任をおしつけようとしたり、証拠をでっち上げたり── 　いかにもすべて、吸血鬼がやりそうにないことばかりで、新機軸と言うより新奇性に満ちたそんな不自然さは、彼女が吸血鬼に成り立てだからと考えれば_____に落ちる。 　,腑[ふ]
順序,「こよみんの諜報活動のおかげで、結果として_____は逆になってしまったが、もしも先に、木石総和ちゃんの木乃伊が発見されていて、こうまで所持品をはぎ取られていたら、個人を特定するのは結構難航しただろうね……、それはつまり、事件の解決が難航していたというのとイコールだ」 「推理小説で、被害者の指紋や顔を潰すのと、おんなじような隠蔽工作ですか」 　木乃伊化し,順序[じゅん‐じょ]
さ,死ぬことが日常的で、自他共に命が大して重要視_____れない吸血鬼同士じゃあ、『なぜ死んでいたのか』という疑問は、根本的過ぎて話柄に上りにくいものなのかもしれない。 　,さ[さ]
衰亡,まあ、一国の_____をじかに見て、『死体城』なんて城から生まれ、数々の戦争の目撃者でもある太古の吸血鬼からしてみれば、高校生の部活動のメンバー五人がどうのこうのというディスカッションは、ちまちましたミリ単位の手作業にしか見えないかもしれない……。 　,衰亡[すい‐ぼう]
皆目,聖人君子である僕には方法が_____わからないぜ」 「普段通り幼女や妹といかがわしく遊んどれば、普通に地獄行きなんじゃないのか？」 　,皆目[かい‐もく]
由々しい,期せずして吸血鬼のスーパーパワーを得た女子高生が、『生前』の鬱憤晴らしのために、その持てる力をフル活用する──どちらかと言えば、吸血鬼が血を吸う、食欲同様の生理現象よりも、そちらのほうが由々しき問題である。 　,由々しい[ゆゆし・い]
執る,「怪異の王に指揮を_____れちゃ、私も商売あがったりだね。,執る[と・る]
軋轢,「え……、えっと、そりゃあ、やっぱり、_____のあった女子バスケットボール部員……、ですよね？　,軋轢[あつ‐れき]
