id,word,stem,lang,category,timestamp,profileid
ja:未だ,未だ,いま‐だ,ja,100,1509069110217,
ja:黄金時代,黄金時代,おうごん‐じだい,ja,100,1509075377541,
ja:肥大,肥大,ひ‐だい,ja,100,1509075516247,
ja:名残,名残,なごり,ja,100,1509075372586,
ja:バリバリ,バリバリ,ばり‐ばり,ja,100,1509075222413,
ja:土地勘,土地勘,とち‐かん,ja,0,1509113005702,
ja:ピリオド,ピリオド,ピリオド,ja,0,1509110948111,
ja:有する,有する,ゆう・する,ja,0,1509112920003,
ja:オカルト,オカルト,オカルト,ja,0,1509112639608,
ja:徹する,徹する,てっ・する,ja,0,1509113251265,
ja:下級生,下級生,かきゅう‐せい,ja,0,1509113518867,
ja:ゆかり,ゆかり,ゆかり,ja,0,1509113037288,
ja:作への,作への,さ,ja,0,1509113926773,
ja:まっぴら,まっぴら,まっ‐ぴら,ja,0,1509113963749,
ja:ほっと,ほっと,ホット,ja,0,1509111175008,
ja:なんて,なんて,なんて,ja,0,1509113464751,
ja:真っ当,真っ当,まっとう,ja,0,1509113339018,
ja:ちまちま,ちまちま,ちま‐ちま,ja,0,1509114342733,
ja:出不精,出不精,で‐ぶしょう,ja,0,1509112400021,
ja:あぶる,あぶる,あぶ・る,ja,0,1509112656477,
ja:すんなり,すんなり,すんなり,ja,0,1509113194648,
ja:外堀,外堀,そと‐ぼり,ja,0,1509114431927,
ja:道,道,じ,ja,0,1509113173004,
ja:隙間産業,隙間産業,すきま‐さんぎょう,ja,0,1509110991161,
ja:乙,乙,いつ,ja,0,1509113053778,
ja:匙,匙,かい,ja,0,1509112602668,
ja:ほ,ほ,ほ,ja,0,1509113763485,
ja:愛,愛,あい,ja,0,1509113467629,
ja:我が物顔,我が物顔,わがもの‐がお,ja,0,1509112489731,
ja:無理強い,無理強い,むり‐じい,ja,0,1509113940856,
ja:筋書き,筋書き,すじ‐がき,ja,0,1509113808940,
ja:遠ざける,遠ざける,とお‐ざ・ける,ja,0,1509114027513,
ja:初手,初手,しょ‐て,ja,0,1509112422208,
ja:頑なに,頑なに,かた‐くな,ja,0,1509113421995,
ja:フットワーク,フットワーク,フットワーク,ja,0,1509113664042,
ja:豪語,豪語,ごう‐ご,ja,0,1509112882512,
ja:血液,血液,けつ‐えき,ja,0,1509111126339,
ja:的確,的確,てき‐かく,ja,0,1509114206268,
ja:はなはだしい,はなはだしい,はなはだ‐し・い,ja,0,1509113594847,
ja:ほいほい応,ほいほい応,ほい‐ほい,ja,0,1509113770178,
ja:結う,結う,ゆ・う,ja,0,1509114402764,
ja:のほほんと,のほほんと,のほほん,ja,0,1509114098565,
ja:難い,難い,かた・い,ja,0,1509113350323,
ja:リノリウム,リノリウム,リノリウム,ja,0,1509111082344,
ja:ダイレクト,ダイレクト,ダイレクト,ja,0,1509113706103,
ja:幸運,幸運,こう‐うん,ja,0,1509111207589,
ja:死ぬ,死ぬ,し・ぬ,ja,0,1509111203757,
ja:来歴,来歴,らい‐れき,ja,0,1509113076345,
ja:苦笑,苦笑,く‐しょう,ja,0,1509112379933,
ja:駆る,駆る,か・る,ja,0,1509113178261,
ja:揶揄,揶揄,や‐ゆ,ja,0,1509113089895,
ja:匙を投げるだろう,匙を投げるだろう,サジヲナゲル,ja,0,1509112615193,
ja:経つ,経つ,た・つ,ja,100,1509114565208,
ja:奏でる,奏でる,かな・でる,ja,0,1509159207293,
ja:フォルクスワーゲン,フォルクスワーゲン,フォルクスワーゲン,ja,0,1509159415970,
ja:ストア,ストア,ストア,ja,0,1509159455521,
ja:がくんと,がくんと,がくん,ja,0,1509171435154,
ja:閑散,閑散,かん‐さん,ja,0,1509159686826,
ja:しゃがむ,しゃがむ,しゃが・む,ja,0,1509171097466,
ja:カーテン,カーテン,カーテン,ja,0,1509171526291,
ja:手札,手札,しゅ‐さつ,ja,0,1509159090787,
ja:凌げる,凌げる,しの・ぐ,ja,0,1509171248344,
ja:引っ搔きに,引っ搔きに,ひっ,ja,0,1509171144075,
ja:汗水,汗水,あせ‐みず,ja,0,1509159428930,
ja:配慮,配慮,はい‐りょ,ja,0,1509159143603,
ja:顕著,顕著,けん‐ちょ,ja,0,1509159363320,
ja:病院,病院,びょう‐いん,ja,0,1509162275399,
ja:チャイルド,チャイルド,チャイルド,ja,0,1509159537499,
ja:野次馬,野次馬,やじ‐うま,ja,0,1509159640514,
ja:住宅街,住宅街,じゅうたく‐がい,ja,0,1509162825593,
ja:常設,常設,じょう‐せつ,ja,0,1509159543734,
ja:取り計らう,取り計らう,とり‐はから・う,ja,0,1509159156504,
ja:支障,支障,し‐しょう,ja,0,1509159124277,
ja:長ける,長ける,た・ける,ja,0,1509197312174,
ja:かろうじて,かろうじて,かろう‐じて,ja,0,1509171482470,
ja:隙間,隙間,すき‐ま,ja,0,1509162995052,
ja:ラップ,ラップ,ラップ,ja,0,1509197279406,
ja:熱烈,熱烈,ねつ‐れつ,ja,0,1509171354020,
ja:細工,細工,さい‐く,ja,0,1509162979521,
ja:トラップ,トラップ,トラップ,ja,0,1509197289600,
ja:積木,積木,つみ‐き,ja,0,1509162973693,
ja:組み敷かれる,組み敷かれる,くみ‐し・く,ja,0,1509171173021,
ja:覆う,覆う,おおい,ja,0,1509171444091,
ja:ひょいと,ひょいと,ひょい,ja,0,1509197119866,
ja:ストライク,ストライク,ストライク,ja,0,1509171346962,
ja:慰める,慰める,なぐさめ,ja,0,1509196972900,
ja:付与,付与,ふ‐よ,ja,0,1509171208613,
ja:発条,発条,ぜんまい,ja,0,1509171113734,
ja:路,路,じ,ja,0,1509162879829,
ja:腹心,腹心,ふく‐しん,ja,0,1509162800721,
ja:探る,探る,さぐ・る,ja,0,1509197027926,
ja:単語,単語,たん‐ご,ja,0,1509197156848,
ja:無比,無比,む‐ひ,ja,0,1509196867326,
ja:負,負,ふ,ja,100,1509114481635,
ja:ヒト,ヒト,ひと,ja,100,1509114527585,
ja:受験,受験,じゅ‐けん,ja,0,1509197137807,
ja:手柄,手柄,て‐がら,ja,0,1509196957528,
ja:鞄,鞄,かばん,ja,0,1509197020278,
ja:脇,脇,きょう,ja,0,1509197008676,
ja:ストラップ,ストラップ,ストラップ,ja,0,1509197285291,
ja:緻密,緻密,ち‐みつ,ja,0,1509196872431,
ja:読書,読書,どく‐しょ,ja,0,1509197353805,
ja:放る,放る,はなり,ja,0,1509197160326,
ja:幸い,幸い,さい‐わい,ja,0,1509111246337,
ja:木乃伊,木乃伊,ミイラ,ja,0,1509113148185,
ja:変哲,変哲,へん‐てつ,ja,0,1509208978045,
ja:突っ伏す,突っ伏す,つっ‐ぷ・す,ja,0,1509209451752,
ja:薹,薹,とう,ja,0,1509209112997,
ja:殊勝,殊勝,しゅ‐しょう,ja,0,1509209265464,
ja:ブーム,ブーム,ブーム,ja,0,1509209131723,
ja:がる,がる,ガル,ja,0,1509209210642,
ja:後目,後目,しり‐め,ja,0,1509209239890,
ja:意中,意中,い‐ちゅう,ja,0,1509209320211,
ja:装飾,装飾,そう‐しょく,ja,0,1509209152686,
ja:筆致,筆致,ひっ‐ち,ja,0,1509264238122,
ja:疎遠,疎遠,そ‐えん,ja,100,1509262709368,
ja:密か,密か,ひそ‐か,ja,100,1509263309408,
ja:滅茶苦茶,滅茶苦茶,めちゃ‐くちゃ,ja,100,1509263825364,
ja:下降,下降,か‐こう,ja,100,1509263050972,
ja:連帯感,連帯感,れん‐たい,ja,100,1509262415797,
ja:実証,実証,じっ‐しょう,ja,100,1509262272167,
ja:下校,下校,げ‐こう,ja,100,1509262833027,
ja:早期,早期,そう‐き,ja,100,1509262146887,
ja:高じる,高じる,こう・じる,ja,0,1509263958025,
ja:集結,集結,しゅう‐けつ,ja,100,1509263432235,
ja:辿る,辿る,たど・る,ja,100,1509263048416,
ja:暴漢,暴漢,ぼう‐かん,ja,100,1509263495439,
ja:愚考,愚考,ぐ‐こう,ja,0,1509276453473,
ja:脇に置い,脇に置い,きょう,ja,0,1509280715743,
ja:這入る,這入る,はい・る,ja,0,1509280727442,
ja:総毛立つ,総毛立つ,そうけ‐だ・つ,ja,0,1509276524346,
ja:更なる,更なる,さら‐なる,ja,0,1509280511145,
ja:かたわら,かたわら,かた‐わら,ja,0,1509276598620,
ja:憂い,憂い,う・い,ja,0,1509280749169,
ja:なる,なる,ナル,ja,0,1509280507188,
ja:サブ,サブ,サブ,ja,0,1509280375574,
ja:奇病,奇病,き‐びょう,ja,0,1509276507367,
ja:侮れる,侮れる,あなど・る,ja,0,1509280285777,
ja:おなじみ,おなじみ,お‐なじみ,ja,0,1509279982313,
ja:朗報,朗報,ろう‐ほう,ja,0,1509276632757,
ja:フレキシブル,フレキシブル,フレキシブル,ja,0,1509276295929,
ja:買い被る,買い被る,かい‐かぶ・る,ja,0,1509280335277,
ja:勿体ぶる,勿体ぶる,もったい‐ぶ・る,ja,0,1509279920343,
ja:を,を,を,ja,0,1509280565735,
ja:サブキーだ,サブキーだ,サブ,ja,0,1509280377419,
ja:略語,略語,りゃく‐ご,ja,0,1509280580143,
ja:素因数分解,素因数分解,そいんすう‐ぶんかい,ja,0,1509280053541,
ja:またぐ,またぐ,マタイ,ja,0,1509331649589,
ja:道しるべ,道しるべ,みち‐みち・し,ja,0,1509331654853,
ja:請け合う,請け合う,うけ‐あ・う,ja,0,1509508296994,
ja:偽名,偽名,ぎ‐めい,ja,0,1509508167158,
ja:おっかなびっくり,おっかなびっくり,おっかな‐びっくり,ja,100,1509519606549,
ja:襲う,襲う,おそ・う,ja,100,1509513647093,
ja:願う,願う,ねが・う,ja,100,1509513356808,
ja:大小,大小,だい‐しょう,ja,100,1509516242943,
ja:ずるずる,ずるずる,ずる‐ずる,ja,100,1509513764859,
ja:じきじき,じきじき,じき‐じき,ja,100,1509516676880,
ja:親しむ,親しむ,したしみ,ja,100,1509519333213,
ja:利口,利口,り‐こう,ja,100,1509513253083,
ja:遠ざかる,遠ざかる,とお‐ざか・る,ja,100,1509516411505,
ja:決死,決死,けっ‐し,ja,100,1509513872066,
ja:幻想,幻想,げん‐そう,ja,100,1509513452442,
ja:白衣,白衣,しろ‐きぬ,ja,100,1509516239709,
ja:エチケット,エチケット,エチケット,ja,100,1509513770330,
ja:金眼,金眼,きん‐め,ja,100,1509516591754,
ja:万死,万死,ばん‐し,ja,100,1509516071679,
ja:つくづく,つくづく,つく‐づく,ja,100,1509513642805,
ja:骨格,骨格,こっ‐かく,ja,100,1509519194553,
ja:直視,直視,ちょく‐し,ja,100,1509519023081,
ja:看過,看過,かん‐か,ja,100,1509519489148,
ja:見解,見解,けん‐かい,ja,100,1509516792225,
ja:視界,視界,し‐かい,ja,100,1509518906532,
ja:メンタル,メンタル,メンタル,ja,0,1509543565301,
ja:整える,整える,ととの・う,ja,0,1509543396790,
ja:実に,実に,げ‐に,ja,0,1509543599861,
ja:賜物,賜物,たま‐もの,ja,0,1509543507392,
ja:丸一,丸一,まる‐いち,ja,0,1509542602639,
ja:直行,直行,ちょっ‐こう,ja,0,1509543345338,
ja:賢,賢,かしこ,ja,0,1509543603566,
ja:手筈,手筈,て‐はず,ja,0,1509543388233,
ja:むさぼる,むさぼる,むさ‐ぼ・る,ja,0,1509543454913,
ja:敷く,敷く,し・く,ja,0,1509543367213,
ja:アポ,アポ,アポ,ja,0,1509542521280,
ja:直通,直通,ちょく‐つう,ja,0,1509543362345,
ja:もろい,もろい,もろ・い,ja,0,1509542721911,
ja:土台,土台,ど‐だい,ja,0,1509543643798,
ja:汲む,汲む,く・む,ja,0,1509543581804,
ja:板挟み,板挟み,いた‐ばさみ,ja,0,1509543662675,
ja:路地,路地,ろ‐じ,ja,0,1509542838533,
ja:崩れる,崩れる,くずれ,ja,100,1509545991859,
ja:転落,転落,てん‐らく,ja,0,1509543333945,
ja:久しい,久しい,ひさし・い,ja,0,1509542432124,
ja:干からびる,干からびる,ひ‐から・びる,ja,100,1509543228027,
ja:掘っ立て,掘っ立て,ほっ‐たて,ja,0,1509542655942,
ja:しぶしぶ,しぶしぶ,しぶ‐しぶ,ja,0,1509596660412,
ja:卓,卓,しょく,ja,0,1509546891136,
ja:予定調和,予定調和,よてい‐ちょうわ,ja,0,1509596786490,
ja:求める,求める,もと・める,ja,0,1509547734902,
ja:掲げる,掲げる,かか・げる,ja,0,1509547329306,
ja:横合い,横合い,よこ‐あい,ja,0,1509547596375,
ja:せ,せ,せ,ja,0,1509547107162,
ja:ぽつり,ぽつり,ぽつり,ja,0,1509546399307,
ja:め,め,め,ja,0,1509547075840,
ja:血みどろ,血みどろ,ち‐みどろ,ja,0,1509547679498,
ja:ガサツ,ガサツ,がさつ,ja,0,1509546939227,
ja:名高い,名高い,な‐だか・い,ja,0,1509547536780,
ja:明後日,明後日,あさって,ja,0,1509546712597,
ja:あらまし,あらまし,あらまし,ja,0,1509546650149,
ja:叔母さん,叔母さん,おば‐さん,ja,0,1509546838354,
ja:むざむざ,むざむざ,むざ‐むざ,ja,0,1509547853218,
ja:屋敷,屋敷,や‐しき,ja,0,1509546534070,
ja:合致,合致,がっ‐ち,ja,0,1509546422225,
ja:あり,あり,あり,ja,0,1509596778286,
ja:冒す,冒す,おか・す,ja,0,1509547687864,
ja:不穏,不穏,ふ‐おん,ja,0,1509547742224,
ja:天才,天才,てん‐さい,ja,0,1509546273480,
ja:弱小,弱小,じゃく‐しょう,ja,0,1509596553939,
ja:ぶる,ぶる,ブル,ja,0,1509547047507,
ja:仰天,仰天,ぎょう‐てん,ja,0,1509596799723,
ja:委細,委細,い‐さい,ja,0,1509546740996,
ja:臆,臆,おく,ja,0,1509547111192,
ja:巧む,巧む,たくみ,ja,0,1509596735809,
ja:封鎖,封鎖,ふう‐さ,ja,0,1509596743508,
ja:サツ,サツ,さつ,ja,0,1509546932181,
ja:たく,たく,たく,ja,0,1509547368454,
ja:肌,肌,き,ja,0,1509596902619,
ja:囲む,囲む,かこ・む,ja,0,1509546895897,
ja:混入,混入,こん‐にゅう,ja,0,1509546863041,
ja:長居,長居,なが‐い,ja,0,1509546796220,
ja:領分,領分,りょう‐ぶん,ja,0,1509547576938,
ja:校風,校風,こう‐ふう,ja,0,1509596895689,
ja:養う,養う,やしな・う,ja,0,1509546496617,
ja:流出,流出,りゅう‐しゅつ,ja,0,1509547464368,
ja:早計,早計,そう‐けい,ja,0,1509596830802,
ja:直結,直結,ちょっ‐けつ,ja,0,1509547885995,
ja:文言,文言,ぶん‐げん,ja,0,1509546047422,
ja:有無,有無,う‐む,ja,0,1509547505700,
ja:許容,許容,きょ‐よう,ja,0,1509546787035,
ja:惨憺,惨憺,さん‐たん,ja,0,1509547246306,
ja:英気,英気,えい‐き,ja,0,1509546490913,
ja:手際,手際,て‐ぎわ,ja,0,1509547185830,
ja:途方,途方,と‐ほう,ja,0,1509547363759,
ja:暮れる,暮れる,くれ,ja,0,1509547378068,
ja:窘める,窘める,たしな・める,ja,0,1509547753539,
ja:悟る,悟る,さと・る,ja,100,1509599598114,
ja:空虚,空虚,くう‐きょ,ja,100,1509599408469,
ja:母校,母校,ぼ‐こう,ja,100,1509599497099,
ja:つかの間,つかの間,つか‐の‐ま,ja,100,1509599532028,
ja:かさかさ,かさかさ,かさ‐かさ,ja,100,1509599327978,
ja:徐々に,徐々に,おもむろ‐に,ja,100,1509599514386,
ja:違える,違える,たがえ,ja,0,1509619005705,
ja:とかく,とかく,と‐かく,ja,0,1509617283648,
ja:大いに,大いに,おおい‐に,ja,0,1509619632557,
ja:否、核,否、核,いな,ja,0,1509617689414,
ja:ご時世,ご時世,ご,ja,0,1509618022190,
ja:どぎまぎ,どぎまぎ,どぎ‐まぎ,ja,0,1509618563048,
ja:煩わす,煩わす,わずらわ・す,ja,0,1509619392235,
ja:積極的,積極的,せっきょく‐てき,ja,0,1509617355814,
ja:あくせく,あくせく,あく‐せく,ja,0,1509618086214,
ja:不祥事,不祥事,ふしょう‐じ,ja,0,1509617268037,
ja:やつす,やつす,やつ・す,ja,0,1509619229050,
ja:牽強付会,牽強付会,けんきょう‐ふかい,ja,0,1509618379270,
ja:伏せる,伏せる,ふ・せる,ja,0,1509617291160,
ja:朴念仁,朴念仁,ぼくねん‐じん,ja,0,1509618440348,
ja:生じる,生じる,しょう・じる,ja,0,1509617324747,
ja:故意,故意,こ‐い,ja,0,1509617625973,
ja:当初,当初,とう‐しょ,ja,0,1509617347184,
ja:入手,入手,にゅう‐しゅ,ja,0,1509618679115,
ja:安置,安置,あん‐ち,ja,0,1509618797002,
ja:核,核,かく,ja,0,1509617692957,
ja:上下,上下,うえ‐した,ja,0,1509617839878,
ja:支柱,支柱,し‐ちゅう,ja,0,1509617680702,
ja:鎧袖一触,鎧袖一触,がいしゅう‐いっしょく,ja,0,1509618278359,
ja:横行,横行,おう‐ぎょう,ja,0,1509617846981,
ja:届,届,とどけ,ja,0,1509617585830,
ja:偉人,偉人,い‐じん,ja,0,1509618748345,
ja:心外,心外,しん‐がい,ja,0,1509619023700,
ja:時世,時世,じ‐せい,ja,0,1509618026243,
ja:仮眠,仮眠,か‐みん,ja,0,1509619747663,
ja:切望,切望,せつ‐ぼう,ja,0,1509618393432,
ja:相応しい,相応しい,ふさわし・い,ja,0,1509619273265,
ja:成し遂げる,成し遂げる,なし‐と・げる,ja,0,1509619444001,
ja:羽ばたく,羽ばたく,は‐ばた・く,ja,0,1509618332913,
ja:暗い,暗い,くら・い,ja,0,1509618628203,
ja:隣室,隣室,りん‐しつ,ja,0,1509619694968,
ja:偏差値第一,偏差値第一,へんさ‐ち,ja,0,1509614160036,
ja:所在,所在,しょ‐ざい,ja,0,1509619478297,
ja:騙す,騙す,だまし,ja,0,1509617419421,
ja:自説,自説,じ‐せつ,ja,0,1509617866053,
ja:過酷,過酷,か‐こく,ja,0,1509619192175,
ja:障壁,障壁,しょう‐へき,ja,0,1509618309363,
ja:切羽詰まる,切羽詰まる,せっぱ‐つま・る,ja,0,1509617986283,
ja:誘惑,誘惑,ゆう‐わく,ja,0,1509617640535,
ja:退部,退部,たい‐ぶ,ja,0,1509617583503,
ja:小屋,小屋,こ‐や,ja,0,1509619770884,
ja:逸らす,逸らす,そら・す,ja,100,1509619539351,
ja:安請け合い,安請け合い,やす‐うけあい,ja,0,1509619424753,
ja:呆れる,呆れる,あきれ,ja,0,1509617561547,
ja:己,己,うぬ,ja,0,1509618582435,
ja:まごう,まごう,まご・う,ja,0,1509627191585,
ja:呈する,呈する,てい・する,ja,0,1509625464399,
ja:含める,含める,くく・む,ja,0,1509626379250,
ja:暴飲暴食,暴飲暴食,ぼういん‐ぼうしょく,ja,0,1509626950637,
ja:のける,のける,の・ける,ja,0,1509625789527,
ja:もたれる,もたれる,もたれ,ja,0,1509625504692,
ja:消化不良,消化不良,しょうか‐ふりょう,ja,0,1509626667855,
ja:暫定的,暫定的,ざんてい‐てき,ja,0,1509626731055,
ja:穏健派,穏健派,おんけん‐は,ja,0,1509625714934,
ja:麗しい,麗しい,うるわし・い,ja,0,1509626469251,
ja:冷たい,冷たい,つべた・い,ja,0,1509626310850,
ja:おどろおどろしい,おどろおどろしい,おどろおどろ‐し・い,ja,0,1509624950286,
ja:取捨選択,取捨選択,しゅしゃ‐せんたく,ja,0,1509626629323,
ja:ひそめる,ひそめる,ひそ・める,ja,0,1509626124189,
ja:補助線,補助線,ほじょ‐せん,ja,0,1509626741717,
ja:値する,値する,あたい・する,ja,0,1509626691078,
ja:群れる,群れる,むれ,ja,0,1509626839995,
ja:食する,食する,しょく・する,ja,0,1509625960256,
ja:確たる,確たる,かく‐たる,ja,0,1509625092264,
ja:ハブ,ハブ,ハブ,ja,0,1509625805649,
ja:押さえつける,押さえつける,おさえ,ja,0,1509625368292,
ja:理路整然,理路整然,りろ‐せいぜん,ja,0,1509625634053,
ja:強固,強固,きょう‐こ,ja,0,1509625528746,
ja:自暴自棄,自暴自棄,じぼう‐じき,ja,0,1509626928131,
ja:妖女,妖女,よう‐じょ,ja,0,1509626479046,
ja:増殖,増殖,ぞう‐しょく,ja,0,1509626650835,
ja:遠,遠,えん,ja,0,1509625793199,
ja:憐憫,憐憫,れん‐びん,ja,0,1509625870934,
ja:悪,悪,あく,ja,0,1509626227460,
ja:ずぶ,ずぶ,ずぶ,ja,0,1509626076457,
ja:骨,骨,こつ,ja,0,1509626765257,
ja:尻目,尻目,しり‐め,ja,0,1509625970321,
ja:魑魅魍魎,魑魅魍魎,ちみ‐もうりょう,ja,0,1509625816388,
ja:遭う,遭う,あ・う,ja,0,1509627115266,
ja:腐る,腐る,くさ・る,ja,0,1509626865502,
ja:露呈,露呈,ろ‐てい,ja,0,1509627296609,
ja:素人,素人,しら‐びと,ja,0,1509625016734,
ja:把握,把握,は‐あく,ja,0,1509627220385,
ja:計測,計測,けい‐そく,ja,0,1509626010117,
ja:防ぐ,防ぐ,ふせ・ぐ,ja,0,1509626655930,
ja:肉塊,肉塊,にく‐かい,ja,0,1509626873558,
ja:遺す,遺す,のこ・す,ja,0,1509625208249,
ja:迫る,迫る,せま・る,ja,0,1509625267118,
ja:焦る,焦る,あせ・る,ja,0,1509624877938,
ja:演出,演出,えん‐しゅつ,ja,0,1509627280112,
ja:むごたらしい,むごたらしい,むご‐たらし・い,ja,0,1509624999846,
ja:たいらげる,たいらげる,たいら・ぐ,ja,0,1509626391564,
ja:基づく,基づく,もと‐づ・く,ja,0,1509626946073,
ja:刻む,刻む,きざ・む,ja,0,1509624927151,
ja:眉,眉,び,ja,0,1509626119806,
ja:化す,化す,か・す,ja,0,1509626275211,
ja:筆跡,筆跡,ひっ‐せき,ja,0,1509625103975,
ja:絡む,絡む,からみ,ja,100,1509638430873,
ja:ニヒル,ニヒル,ニヒル,ja,100,1509638446243,
ja:いざこざ,いざこざ,いざ‐こざ,ja,0,1509640298856,
ja:小刻み,小刻み,こ‐きざみ,ja,0,1509640790811,
ja:無軌道,無軌道,む‐きどう,ja,0,1509640360026,
ja:あらかた,あらかた,あら‐かた,ja,0,1509639601371,
ja:うきうき,うきうき,うき‐うき,ja,0,1509640630408,
ja:争う,争う,あらそ・う,ja,0,1509640557576,
ja:源泉,源泉,げん‐せん,ja,0,1509639801552,
ja:焼き餅,焼き餅,やき‐もち,ja,0,1509640169984,
ja:争える,争える,すま・う,ja,0,1509640548461,
ja:遇,遇,ぐう,ja,0,1509640145684,
ja:問う,問う,と・う,ja,0,1509640667356,
ja:回帰,回帰,かい‐き,ja,0,1509639784840,
ja:挿話,挿話,そう‐わ,ja,0,1509640230587,
ja:真性,真性,しん‐せい,ja,0,1509640342509,
ja:窮まる,窮まる,きわま・る,ja,0,1509640778020,
ja:計らう,計らう,はから・う,ja,0,1509640609590,
ja:築き上げる,築き上げる,きずき‐あ・げる,ja,0,1509639885724,
ja:進退,進退,し‐だい,ja,0,1509640772803,
ja:瞬時,瞬時,しゅん‐じ,ja,0,1509639838925,
ja:都市,都市,と‐し,ja,0,1509639908381,
ja:もののふ,もののふ,もの‐の‐ふ,ja,0,1509707645297,
ja:幼なじみ,幼なじみ,おさな‐なじみ,ja,0,1509669876614,
ja:彷彿,彷彿,ほう‐ふつ,ja,0,1509669637638,
ja:くつろぐ,くつろぐ,くつろ・ぐ,ja,0,1509669720530,
ja:謹んで,謹んで,つつしん‐で,ja,0,1509707177372,
ja:ノウハウ,ノウハウ,ノウ‐ハウ,ja,0,1509669793847,
ja:ブランク,ブランク,ブランク,ja,0,1509707567253,
ja:指令,指令,し‐れい,ja,0,1509669831536,
ja:界隈,界隈,かい‐わい,ja,0,1509670220991,
ja:軽やか,軽やか,かる‐やか,ja,0,1509673013200,
ja:陰ながら,陰ながら,かげ‐ながら,ja,0,1509707247955,
ja:間近い,間近い,ま‐ぢか,ja,0,1509669402582,
ja:したたる,したたる,した‐た・る,ja,0,1509707336277,
ja:いぶかしい,いぶかしい,いぶかし・い,ja,0,1509669522109,
ja:じゃぶじゃぶ,じゃぶじゃぶ,じゃぶ‐じゃぶ,ja,0,1509707354128,
ja:居候,居候,い‐そうろう,ja,0,1509669377072,
ja:軟体動物,軟体動物,なんたい‐どうぶつ,ja,0,1509707475715,
ja:兆す,兆す,き‐ざし,ja,0,1509669949439,
ja:諭す,諭す,さと・す,ja,0,1509670181973,
ja:マーク,マーク,マーク,ja,0,1509669841724,
ja:奔放,奔放,ほん‐ぽう,ja,0,1509706798992,
ja:極,極,きょく,ja,0,1509670681579,
ja:善良,善良,ぜん‐りょう,ja,0,1509706887052,
ja:路肩,路肩,ろ‐かた,ja,0,1509707088410,
ja:ぺちゃんこ,ぺちゃんこ,ぺちゃん‐こ,ja,0,1509707414602,
ja:恒例,恒例,こう‐れい,ja,0,1509707590890,
ja:アナグラム,アナグラム,アナグラム,ja,0,1509707631074,
ja:算段,算段,さん‐だん,ja,0,1509670719627,
ja:宣託,宣託,せん‐たく,ja,0,1509670906534,
ja:処す,処す,しょ・す,ja,0,1509672920432,
ja:登頂,登頂,とう‐ちょう,ja,0,1509707213885,
ja:ご多忙,ご多忙,ご,ja,0,1509707971047,
ja:しがみつく,しがみつく,しがみ‐つ・く,ja,0,1509708132710,
ja:多忙,多忙,た‐ぼう,ja,0,1509707974911,
ja:厚い,厚い,あつ・い,ja,100,1509798116877,
ja:屍では,屍では,かばね,ja,100,1509796802144,
ja:特効薬,特効薬,とっこう‐やく,ja,100,1509796532195,
ja:引き戸,引き戸,ひき‐ど,ja,100,1509798111790,
ja:心持ち,心持ち,こころ‐もち,ja,100,1509797430153,
ja:駆け寄る,駆け寄る,かけ‐よ・る,ja,100,1509797775729,
ja:慌てる,慌てる,あわ・てる,ja,100,1509797703575,
ja:凍る,凍る,こお・る,ja,100,1509640058731,
ja:アウト,アウト,アウト,ja,100,1509798563635,
ja:儂,儂,わし,ja,100,1509796731977,
ja:呼ぶ,呼ぶ,よ・ぶ,ja,100,1509797778736,
ja:タブー,タブー,タブー,ja,100,1509798536843,
ja:浅い,浅い,あさ・い,ja,100,1509798119430,
ja:危惧,危惧,き‐ぐ,ja,100,1509797699852,
ja:促す,促す,うなが・す,ja,100,1509797707462,
ja:血の池,血の池,ち‐の‐いけ,ja,100,1509796199049,
ja:幼児,幼児,おさな‐ご,ja,100,1509798223818,
ja:処方,処方,しょ‐ほう,ja,100,1509796535690,
ja:陥る,陥る,おち‐い・る,ja,100,1509797782266,
ja:出自,出自,しゅつ‐じ,ja,100,1509798387630,
ja:幕,幕,ばく,ja,100,1509798125476,
ja:客死,客死,かく‐し,ja,100,1509796726968,
ja:薬効,薬効,やっ‐こう,ja,100,1509796529472,
ja:損なう,損なう,そこな・う,ja,100,1509797254663,
ja:記す,記す,しる・す,ja,100,1509799387712,
ja:摂理,摂理,せつ‐り,ja,100,1509797597704,
ja:意図,意図,い‐と,ja,100,1509797349360,
ja:竦める,竦める,すく・む,ja,100,1509814921042,
ja:草津,草津,くさつ,ja,100,1509796194971,
ja:真相,真相,しん‐そう,ja,100,1509796585729,
ja:称す,称す,しょう・す,ja,100,1509797005029,
ja:季節外れ,季節外れ,きせつ‐はずれ,ja,0,1509877442604,
ja:上首尾,上首尾,じょう‐しゅび,ja,0,1509885864235,
ja:妖しい,妖しい,あやし・い,ja,0,1509885747510,
ja:だかん,だかん,だ‐かん,ja,0,1509868442895,
ja:うろつく,うろつく,うろ‐つ・く,ja,0,1509886899562,
ja:不意打ち,不意打ち,ふい‐うち,ja,0,1509878364592,
ja:眠,眠,みん,ja,0,1509815113614,
ja:混迷,混迷,こん‐めい,ja,0,1509815229796,
ja:つける,つける,つけ,ja,0,1509886041129,
ja:認知的不協和,認知的不協和,にんちてき‐ふきょうわ,ja,0,1509815144854,
ja:取り乱す,取り乱す,とり‐みだ・す,ja,0,1509887294658,
ja:地獄,地獄,じ‐ごく,ja,0,1509859169210,
ja:奇しくも,奇しくも,くしく‐も,ja,0,1509877905333,
ja:里帰り,里帰り,さと‐がえり,ja,0,1509877448338,
ja:芸,芸,げい,ja,0,1509877593150,
ja:提げる,提げる,さ・げる,ja,0,1509878393776,
ja:悶える,悶える,もだ・える,ja,0,1509887175121,
ja:形無し,形無し,かた‐なし,ja,0,1509877554613,
ja:色濃い,色濃い,イロコイ,ja,0,1509886066792,
ja:悔いる,悔いる,くい,ja,0,1509868344978,
ja:輪切り,輪切り,わ‐ぎり,ja,0,1509886771402,
ja:脱する,脱する,だっ‐し,ja,0,1509887102647,
ja:なく,なく,ナク,ja,0,1509886114128,
ja:奇術,奇術,き‐じゅつ,ja,0,1509885732598,
ja:多々,多々,さわ,ja,0,1509886759382,
ja:平静,平静,へい‐せい,ja,0,1509887233487,
ja:斬る,斬る,き・る,ja,0,1509885693079,
ja:浄土,浄土,じょう‐ど,ja,0,1509886740357,
ja:寿命,寿命,じゅ‐みょう,ja,0,1509887034660,
ja:澄む,澄む,す・む,ja,0,1509887277043,
ja:君子,君子,くん‐し,ja,0,1509868526106,
ja:永眠,永眠,えい‐みん,ja,0,1509886663392,
ja:情念,情念,じょう‐ねん,ja,0,1509885919965,
ja:背後,背後,はい‐ご,ja,0,1509887160532,
ja:青々,青々,あお,ja,0,1509886979433,
ja:咲き乱れる,咲き乱れる,さき‐みだ・れる,ja,0,1509886996893,
ja:闘病,闘病,とう‐びょう,ja,0,1509886026301,
ja:とんとん拍子,とんとん拍子,とんとん‐びょうし,ja,0,1509885682268,
ja:ジュエリー,ジュエリー,ジュエリー,ja,0,1509886915183,
ja:過ぎる,過ぎる,すぎ,ja,0,1509885926499,
ja:省く,省く,はぶ・く,ja,100,1509892792303,
ja:紐解く,紐解く,ひも‐と・く,ja,100,1509893462425,
ja:獄卒,獄卒,ごく‐そつ,ja,100,1509893153519,
ja:網羅,網羅,もう‐ら,ja,100,1509893346069,
ja:ボディ,ボディ,ボディ,ja,100,1509893535908,
ja:いかがわしい,いかがわしい,いかがわし・い,ja,100,1509892961897,
ja:昇天,昇天,しょう‐てん,ja,100,1509892525674,
ja:薄衣,薄衣,うす‐ぎぬ,ja,100,1509893682782,
ja:さもあり,さもあり,サモアリ,ja,100,1509892553316,
ja:明,明,あか‐あか,ja,100,1509892529441,
ja:謁見,謁見,えっ‐けん,ja,100,1509892658927,
ja:書物,書物,しょ‐もつ,ja,100,1509893531851,
ja:疾しい,疾しい,と・し,ja,100,1509893062841,
ja:得心,得心,とく‐しん,ja,100,1509961377169,
ja:さぞかし,さぞかし,さぞ‐かし,ja,100,1509960979265,
ja:ブロンド,ブロンド,ブロンド,ja,100,1509961434137,
ja:模,模,かた‐ぎ,ja,100,1509960520924,
ja:素早い,素早い,す‐ばや・い,ja,100,1509961427708,
ja:熟語,熟語,じゅく‐ご,ja,100,1509961642370,
ja:髄,髄,ずい,ja,100,1509960883559,
ja:人偏,人偏,にん‐べん,ja,100,1509960757536,
ja:形容,形容,けい‐よう,ja,100,1509962127960,
ja:雄弁,雄弁,ゆう‐べん,ja,100,1509961146633,
ja:傍若無人,傍若無人,ぼうじゃく‐ぶじん,ja,100,1509961271762,
ja:採取,採取,さい‐しゅ,ja,100,1509960606459,
ja:懲りる,懲りる,こ・りる,ja,100,1509961885926,
ja:透き通る,透き通る,すき‐とお・る,ja,100,1509962061516,
ja:鬼面,鬼面,き‐めん,ja,100,1509961476100,
ja:いる,いる,いる,ja,0,1509978980711,
ja:切り離す,切り離す,きり‐はな・す,ja,0,1509978988970,
ja:独白,独白,どく‐はく,ja,0,1509979275753,
ja:人品,人品,じん‐ぴん,ja,0,1509974409728,
ja:先述,先述,せん‐じゅつ,ja,0,1509974611489,
ja:背負う,背負う,せ‐お・う,ja,0,1509974201157,
ja:絶滅危惧種,絶滅危惧種,ぜつめつきぐ‐しゅ,ja,0,1509979297689,
ja:凜然,凜然,りん‐ぜん,ja,0,1509978884250,
ja:空前絶後,空前絶後,くうぜん‐ぜつご,ja,0,1509974089782,
ja:仰る,仰る,おっしゃ・る,ja,0,1509974270106,
ja:偏る,偏る,かた‐よ・る,ja,0,1509974394497,
ja:凡俗,凡俗,ぼん‐ぞく,ja,0,1509978948488,
ja:間抜け,間抜け,ま‐ぬけ,ja,0,1509979055920,
ja:妨げる,妨げる,さまた・げる,ja,0,1509979380604,
ja:泰然,泰然,たい‐ぜん,ja,0,1509978893899,
ja:獲得,獲得,かく‐とく,ja,0,1509974333037,
ja:なごむ,なごむ,なご・む,ja,0,1509978288162,
ja:ランジェリー,ランジェリー,ランジェリー,ja,0,1509974757208,
ja:質疑応答,質疑応答,しつぎ‐おうとう,ja,0,1509974660470,
ja:矮小,矮小,わい‐しょう,ja,0,1509978311127,
ja:贈る,贈る,おく・る,ja,0,1509974768530,
ja:長大,長大,ちょう‐だい,ja,0,1509974507256,
ja:装う,装う,よそお・う,ja,0,1509978859213,
ja:豊潤,豊潤,ほう‐じゅん,ja,0,1509974685031,
ja:祭り上げる,祭り上げる,まつり‐あ・げる,ja,0,1509974560469,
ja:美徳,美徳,び‐とく,ja,0,1509979424569,
ja:骨柄,骨柄,こつ‐がら,ja,0,1509974413495,
ja:折,折,おり,ja,0,1510032626439,
ja:八つ裂き,八つ裂き,やつ‐ざき,ja,0,1510022293037,
ja:さりげ,さりげ,さり‐げ,ja,0,1510021452940,
ja:人柱,人柱,ひと‐ばしら,ja,0,1510021047061,
ja:居場所,居場所,い‐ばしょ,ja,0,1510020851934,
ja:雨乞い,雨乞い,あま‐ごい,ja,0,1510021019650,
ja:額,額,がく,ja,0,1510020783822,
ja:に,に,に,ja,0,1510021957566,
ja:面食らう,面食らう,めん‐くら・う,ja,0,1510021915265,
ja:ブッフェ,ブッフェ,ぶっ,ja,0,1510021232299,
ja:一端,一端,いち‐はな,ja,0,1510021158180,
ja:酒池肉林,酒池肉林,しゅち‐にくりん,ja,0,1510020888671,
ja:柔軟,柔軟,じゅう‐なん,ja,0,1510021284539,
ja:落差,落差,らく‐さ,ja,0,1510030807133,
ja:若造,若造,わか‐ぞう,ja,0,1510021353388,
ja:選りすぐる,選りすぐる,えり‐すぐ・る,ja,0,1510021637972,
ja:背徳,背徳,はい‐とく,ja,0,1510020884507,
ja:解釈,解釈,かい‐しゃく,ja,0,1510032617257,
ja:アダルト,アダルト,アダルト,ja,100,1510032524218,
ja:た,た,た,ja,0,1510021153757,
ja:毛細血管,毛細血管,もうさい‐けっかん,ja,0,1510052290101,
ja:けれど,けれど,ケレド,ja,0,1510051087417,
ja:見境,見境,み‐さかい,ja,0,1510051252886,
ja:ジェネリック,ジェネリック,ジェネリック,ja,0,1510051093652,
ja:沙汰,沙汰,さ‐た,ja,0,1510051067425,
ja:仲介,仲介,ちゅう‐かい,ja,0,1510051217368,
ja:さしも,さしも,さしも,ja,0,1510052355332,
ja:旨,旨,うま‐うま,ja,0,1510051006341,
ja:一滴,一滴,いっ‐てき,ja,0,1510051296491,
ja:類推,類推,るい‐すい,ja,0,1510052103731,
ja:底,底,そこ,ja,100,1510057434465,
ja:失墜,失墜,しっ‐つい,ja,100,1510057795411,
ja:這う,這う,は・う,ja,100,1510058453178,
ja:匿う,匿う,かくま・う,ja,100,1510058179839,
ja:制する,制する,せい・する,ja,100,1510057565629,
ja:増す,増す,まし,ja,100,1510058719159,
ja:逸脱,逸脱,いつ‐だつ,ja,100,1510057316523,
ja:勢い,勢い,いきおい,ja,100,1510058071645,
ja:愕然,愕然,がく‐ぜん,ja,100,1510058038363,
ja:全う,全う,まっとう,ja,100,1510058246173,
ja:企む,企む,たくらみ,ja,100,1510057687026,
ja:投与,投与,とう‐よ,ja,100,1510058935321,
ja:託す,託す,たく・す,ja,100,1510058611255,
ja:穏やか,穏やか,おだ‐やか,ja,100,1510058312893,
ja:自責,自責,じ‐せき,ja,100,1510058666401,
ja:綿密,綿密,めん‐みつ,ja,100,1510058784180,
ja:抱える,抱える,かかえ,ja,100,1510058303727,
ja:発する,発する,はっ・する,ja,100,1510058671948,
ja:蚊帳,蚊帳,か‐ちょう,ja,100,1510057846881,
ja:託する,託する,たく・する,ja,100,1510057927161,
ja:危機,危機,き‐き,ja,100,1510057757028,
ja:復唱,復唱,ふく‐しょう,ja,0,1510147796015,
ja:大逆,大逆,たい‐ぎゃく,ja,0,1510112269389,
ja:あつらえる,あつらえる,あつらえ,ja,0,1510147976967,
ja:的中,的中,てき‐ちゅう,ja,0,1510112583426,
ja:ぶっきらぼう,ぶっきらぼう,ぶっきら‐ぼう,ja,100,1510151823248,
ja:残留,残留,ざん‐りゅう,ja,100,1510151668488,
ja:素数,素数,そ‐すう,ja,100,1510151206919,
ja:号泣,号泣,ごう‐きゅう,ja,100,1510152529705,
ja:手の甲,手の甲,て‐の‐こう,ja,100,1510152314297,
ja:訴える,訴える,うったえ,ja,100,1510151842830,
ja:簡素,簡素,かん‐そ,ja,100,1510151588361,
ja:横たえる,横たえる,よこ‐た・える,ja,100,1510152443689,
ja:害する,害する,がい・する,ja,100,1510151307628,
ja:重んじる,重んじる,おもん・じる,ja,100,1510152125578,
ja:等しい,等しい,ひとし・い,ja,100,1510152048317,
ja:摂取,摂取,しょう‐しゅ,ja,100,1510152660246,
ja:富む,富む,と・む,ja,100,1510152165858,
ja:沿う,沿う,そ・う,ja,100,1510151833967,
ja:路線,路線,ろ‐せん,ja,100,1510152231946,
ja:定か,定か,さだ‐か,ja,100,1510152042621,
ja:命名,命名,めい‐めい,ja,100,1510151830528,
ja:情緒,情緒,じょう‐しょ,ja,100,1510151956370,
ja:公算,公算,こう‐さん,ja,0,1510309386851,
ja:是々非々,是々非々,ぜぜ‐ひひ,ja,0,1510311072262,
ja:かよう,かよう,か‐よう,ja,0,1510311623642,
ja:さを,さを,さ,ja,0,1510311028052,
ja:滝,滝,たき,ja,0,1510311748983,
ja:掘り下げる,掘り下げる,ほり‐さげ,ja,0,1510369041626,
ja:爪,爪,そう,ja,0,1510368836623,
ja:前言撤回,前言撤回,ぜんげん‐てっかい,ja,0,1510309188053,
ja:含み笑い,含み笑い,ふくみ‐わらい,ja,0,1510311368511,
ja:唾液,唾液,だ‐えき,ja,0,1510309517204,
ja:です,です,です,ja,0,1510368805048,
ja:凝る,凝る,こごり,ja,0,1510310146310,
ja:収拾,収拾,しゅう‐しゅう,ja,0,1510309979856,
ja:肩透かし,肩透かし,かた‐すかし,ja,0,1510309429137,
ja:おわす,おわす,おわ・す,ja,0,1510368602758,
ja:水没,水没,すい‐ぼつ,ja,0,1510310462412,
ja:機種,機種,き‐しゅ,ja,0,1510310430371,
ja:導く,導く,みち‐び・く,ja,0,1510310211397,
ja:浮上,浮上,ふ‐じょう,ja,0,1510309201886,
ja:属す,属す,ぞく・す,ja,0,1510310127854,
ja:招致,招致,しょう‐ち,ja,0,1510309794059,
ja:水底,水底,すい‐てい,ja,0,1510310342289,
ja:蝸牛,蝸牛,か‐ぎゅう,ja,0,1510368905961,
ja:純然,純然,じゅん‐ぜん,ja,0,1510309115179,
ja:言及,言及,げん‐きゅう,ja,0,1510309244629,
ja:才覚,才覚,さい‐かく,ja,0,1510368630706,
ja:潜る,潜る,もぐ・る,ja,100,1510371241127,
ja:賛意,賛意,さん‐い,ja,0,1510309175195,
ja:骨頂,骨頂,こっ‐ちょう,ja,0,1510371278555,
ja:なすりつける,なすりつける,なすり‐つ・ける,ja,0,1510309262518,
ja:語呂合わせ,語呂合わせ,ごろ‐あわせ,ja,0,1510311110661,
ja:言いふらす,言いふらす,い・う,ja,0,1510311675000,
ja:つまびらか,つまびらか,つまびら‐か,ja,0,1510311470891,
ja:通う,通う,かよ・う,ja,0,1510309298578,
ja:混じる,混じる,まじり,ja,100,1510311655612,
ja:倉,倉,くら,ja,0,1510309628820,
ja:山頂,山頂,さん‐ちょう,ja,0,1510371258103,
ja:筒抜け,筒抜け,つつ‐ぬけ,ja,100,1510311396138,
ja:仰ぐ,仰ぐ,あお・ぐ,ja,0,1510310263280,
ja:甲斐,甲斐,かい,ja,100,1510380233361,
ja:嘆息,嘆息,たん‐そく,ja,100,1510380360231,
ja:青ざめる,青ざめる,あお‐ざ・める,ja,100,1510380953432,
ja:潔,潔,けつ,ja,100,1510380949513,
ja:口止め,口止め,くち‐どめ,ja,100,1510380408230,
ja:歪む,歪む,いが・む,ja,100,1510380698456,
ja:後進,後進,こう‐しん,ja,100,1510380526263,
ja:来訪,来訪,らい‐ほう,ja,100,1510380402800,
ja:行進,行進,こう‐しん,ja,100,1510380532914,
ja:はじき出す,はじき出す,はじき,ja,100,1510380713022,
ja:のっぴきならない,のっぴきならない,ノッピキナラナイ,ja,0,1510460981039,
ja:匂わせる,匂わせる,におわ・す,ja,0,1510461014929,
ja:笹,笹,ささ,ja,0,1510460561683,
ja:クリシェ,クリシェ,クリシェ,ja,0,1510461180408,
ja:下ろす,下ろす,おろ・す,ja,0,1510491355957,
ja:孤軍奮闘,孤軍奮闘,こぐん‐ふんとう,ja,0,1510419157071,
ja:既成事実,既成事実,きせい‐じじつ,ja,0,1510460720838,
ja:おぼろ,おぼろ,おぼ‐ろ,ja,0,1510457791041,
ja:めっきり,めっきり,めっきり,ja,0,1510496258755,
ja:繰り出す,繰り出す,くり‐だし,ja,0,1510419231623,
ja:さえる,さえる,さえ,ja,0,1510457579537,
ja:口頭,口頭,こう‐とう,ja,0,1510491463587,
ja:派手,派手,は‐で,ja,0,1510419089427,
ja:偏愛,偏愛,へん‐あい,ja,0,1510419369081,
ja:よう,よう,よう,ja,0,1510460557790,
ja:尋問,尋問,じん‐もん,ja,0,1510419144107,
ja:直に,直に,じか‐に,ja,0,1510491512358,
ja:妖艶,妖艶,よう‐えん,ja,0,1510457625180,
ja:壮烈,壮烈,そう‐れつ,ja,0,1510457619543,
ja:一笑,一笑,いっ‐しょう,ja,0,1510495942511,
ja:純粋,純粋,じゅん‐すい,ja,0,1510491078053,
ja:風聞,風聞,ふう‐ぶん,ja,0,1510461049706,
ja:心境,心境,しん‐きょう,ja,0,1510495507497,
ja:貫く,貫く,つら‐ぬ・く,ja,0,1510496582869,
ja:計る,計る,はか・る,ja,0,1510460626649,
ja:籠絡,籠絡,ろう‐らく,ja,0,1510496380208,
ja:明朝,明朝,みょう‐あさ,ja,0,1510491614786,
ja:餓死,餓死,が‐し,ja,0,1510457583461,
ja:首尾,首尾,しゅ‐び,ja,0,1510496510306,
ja:大仰,大仰,おお‐ぎょう,ja,0,1510460685342,
ja:の,の,の,ja,0,1510457732379,
ja:き,き,しか,ja,0,1510460546804,
ja:グルメ,グルメ,グルメ,ja,0,1510537667606,
ja:児,児,こ,ja,0,1510495816795,
ja:備える,備える,そなえ,ja,0,1510457532531,
ja:潔癖,潔癖,けっ‐ぺき,ja,100,1510550846439,
ja:突っ張る,突っ張る,つっ‐ぱ・る,ja,100,1510551261616,
ja:念願,念願,ねん‐がん,ja,100,1510550800064,
ja:収まる,収まる,おさま・る,ja,100,1510550361059,
ja:酸い,酸い,す・い,ja,100,1510550955282,
ja:飼育,飼育,し‐いく,ja,100,1510550449469,
ja:裁ける,裁ける,さば・く,ja,100,1510573384979,
ja:閉ざす,閉ざす,と‐ざ・す,ja,100,1510573253805,
ja:隠せる,隠せる,かく・す,ja,100,1510573001597,
ja:正気,正気,しょう‐き,ja,100,1510573120341,
ja:付す,付す,ふ・す,ja,100,1510572998290,
ja:高らか,高らか,たか‐らか,ja,100,1510572572282,
ja:出現,出現,しゅつ‐げん,ja,100,1510572727327,
ja:張る,張る,は・る,ja,100,1510572791678,
ja:砕ける,砕ける,くだけ,ja,100,1510572917302,
ja:聴取,聴取,ちょう‐しゅ,ja,100,1510572656282,
ja:パリジェンヌ,パリジェンヌ,パリジェンヌ,ja,100,1510573186922,
ja:保てる,保てる,た‐も・つ,ja,100,1510573059205,
ja:小細工,小細工,こ‐ざいく,ja,100,1510573177804,
ja:拒む,拒む,こば・む,ja,100,1510572787571,
ja:貪る,貪る,むさ‐ぼ・る,ja,0,1510591674527,
ja:下宿,下宿,げ‐しゅく,ja,0,1510591664262,
ja:惰眠,惰眠,だ‐みん,ja,0,1510591661516,
ja:定める,定める,さだめ,ja,0,1510632535204,
ja:構内,構内,こう‐ない,ja,0,1510632389963,
ja:早朝,早朝,そう‐ちょう,ja,0,1510632511449,
ja:不毛,不毛,ふ‐もう,ja,0,1510632476814,
ja:さぐれる,さぐれる,さぐ・る,ja,0,1510757992675,
ja:まする,まする,まし,ja,0,1510672430063,
ja:ぶつける,ぶつける,ぶつ・ける,ja,0,1510652949275,
ja:好ましい,好ましい,このまし・い,ja,0,1510664024916,
ja:挙げ句,挙げ句,あげ‐く,ja,0,1510755835084,
ja:如何せん,如何せん,いかん‐せ‐ん,ja,0,1510757455432,
ja:底抜け,底抜け,そこ‐ぬけ,ja,0,1510757298325,
ja:はばかる,はばかる,はばか・る,ja,0,1510756290157,
ja:ダウナー,ダウナー,ダウナー,ja,0,1510757213434,
ja:格闘技,格闘技,かくとう‐ぎ,ja,0,1510756684926,
ja:漠然と,漠然と,ばく‐ぜん,ja,0,1510664122698,
ja:くじる,くじる,くじ,ja,0,1510756231188,
ja:探れる,探れる,さぐ・る,ja,0,1510757765577,
ja:活かす,活かす,いか・す,ja,0,1510671153754,
ja:つんと,つんと,つん‐と,ja,0,1510652942368,
ja:損ねる,損ねる,そこ・ねる,ja,0,1510755842826,
ja:そびれる,そびれる,そび・れる,ja,0,1510756398766,
ja:弁える,弁える,わきまえ,ja,0,1510747311527,
ja:混ざる,混ざる,まざ・る,ja,0,1510757856799,
ja:腐れ縁,腐れ縁,くされ‐えん,ja,0,1510664247171,
ja:伏線,伏線,ふく‐せん,ja,0,1510756505607,
ja:拍子抜け,拍子抜け,ひょうし‐ぬけ,ja,0,1510756513146,
ja:費やす,費やす,ついや・す,ja,0,1510670928439,
ja:閑話休題,閑話休題,かんわ‐きゅうだい,ja,0,1510717022801,
ja:償う,償う,つぐない,ja,0,1510671773527,
ja:伝聞,伝聞,でん‐ぶん,ja,0,1510671769831,
ja:わく,わく,わい,ja,0,1510672665454,
ja:沼,沼,しょう,ja,0,1510672905910,
ja:貫ける,貫ける,つら‐ぬ・く,ja,0,1510756972285,
ja:煩わせる,煩わせる,わずらわ・す,ja,0,1510672366368,
ja:節,節,せち,ja,0,1510757618362,
ja:種明かし,種明かし,たね‐あかし,ja,0,1510671756137,
ja:崇拝,崇拝,すう‐はい,ja,0,1510756839760,
ja:か,か,か,ja,0,1510756768317,
ja:スト,スト,スト,ja,0,1510671420678,
ja:気晴らし,気晴らし,き‐ばらし,ja,0,1510671715190,
ja:は,は,は,ja,0,1510671060704,
ja:芳しい,芳しい,か‐ぐわし・い,ja,0,1510672701877,
ja:馴染む,馴染む,な‐じみ,ja,0,1510672536405,
ja:熱い,熱い,あつ・い,ja,0,1510756804049,
ja:羽目,羽目,はめ,ja,0,1510673347332,
ja:平然,平然,へい‐ぜん,ja,0,1510672433897,
ja:練る,練る,ね・る,ja,0,1510756098378,
ja:相反,相反,そう‐はん,ja,0,1510671144093,
ja:弾む,弾む,はず・む,ja,0,1510756374830,
ja:志す,志す,こころ‐ざ・す,ja,0,1510756584093,
ja:懇切,懇切,こん‐せつ,ja,0,1510756746278,
ja:真偽,真偽,しん‐ぎ,ja,0,1510757876384,
ja:深淵,深淵,しん‐えん,ja,0,1510672646452,
ja:猛威,猛威,もう‐い,ja,0,1510756305799,
ja:心労,心労,しん‐ろう,ja,0,1510757915766,
ja:次女,次女,じ‐じょ,ja,0,1510756266804,
ja:派閥,派閥,は‐ばつ,ja,0,1510757535820,
ja:災い,災い,わざ‐わい,ja,0,1510756437119,
ja:苛む,苛む,さいな・む,ja,0,1510670887716,
ja:指す,指す,さ・す,ja,0,1510757243995,
ja:後釜,後釜,あと‐がま,ja,0,1510757522612,
ja:破門,破門,は‐もん,ja,0,1510673338590,
ja:高揚,高揚,こう‐よう,ja,0,1510756913898,
ja:高温,高温,こう‐おん,ja,0,1510671823594,
ja:難儀,難儀,なん‐ぎ,ja,0,1510664012704,
ja:熟女,熟女,じゅく‐じょ,ja,0,1510672820078,
ja:そぐわない,そぐわない,そぐわ◦ない,ja,0,1510671520715,
ja:軽妙,軽妙,けい‐みょう,ja,0,1510671129879,
ja:相容れない,相容れない,あい‐いれ◦ない,ja,0,1510672800622,
ja:解読,解読,かい‐どく,ja,0,1510672119148,
ja:食指,食指,しょく‐し,ja,0,1510672074350,
ja:風土,風土,ふう‐ど,ja,0,1510757689382,
ja:嘆く,嘆く,なげ・く,ja,100,1510672932829,
ja:尚更,尚更,なお‐さら,ja,0,1510672714651,
ja:事情聴取,事情聴取,じじょう‐ちょうしゅ,ja,0,1510747345977,
ja:却って,却って,かえっ‐て,ja,0,1510671065724,
ja:が,が,が,ja,0,1510664138176,
ja:仄めかす,仄めかす,ほの‐めか・す,ja,0,1510757066782,
ja:語れる,語れる,かた・る,ja,0,1510757649548,
ja:滞る,滞る,とどこおり,ja,0,1510848293495,
ja:がんじがらめ,がんじがらめ,がんじ‐がらめ,ja,0,1510849364275,
ja:通過,通過,つう‐か,ja,0,1510848319583,
ja:まで,まで,まで,ja,0,1510849243380,
ja:不仲,不仲,ふ‐なか,ja,0,1510848679229,
ja:常人,常人,じょう‐じん,ja,0,1510849164720,
ja:法規,法規,ほう‐き,ja,0,1510848149640,
ja:皿,皿,さら,ja,0,1510849246944,
ja:見栄,見栄,みえ,ja,0,1510849418638,
ja:被る,被る,こうむ・る,ja,0,1510849124474,
ja:運搬,運搬,うん‐ぱん,ja,0,1510803709363,
ja:秘書,秘書,ひ‐しょ,ja,0,1510848789451,
ja:時刻,時刻,じ‐こく,ja,0,1510848592844,
ja:採寸,採寸,さい‐すん,ja,0,1510803788350,
ja:心苦しい,心苦しい,こころ‐ぐるし・い,ja,0,1510849546803,
ja:隅々,隅々,ぐう,ja,0,1510848286842,
ja:主従,主従,しゅう‐じゅう,ja,0,1510848477035,
ja:賛否,賛否,さん‐ぴ,ja,0,1510848185924,
ja:偽る,偽る,いつわ・る,ja,0,1510849432924,
ja:物言う,物言う,もの‐いい,ja,0,1510849495986,
ja:進展,進展,しん‐てん,ja,100,1510849214700,
ja:施す,施す,ほどこし,ja,0,1510848100047,
ja:打破る,打破る,だ‐は,ja,100,1510849287114,
ja:払拭,払拭,ふっ‐しき,ja,0,1510848448158,
ja:来日,来日,らい‐じつ,ja,0,1510848339731,
ja:引き裂く,引き裂く,ひき‐さ・く,ja,0,1510902852230,
ja:見据える,見据える,み‐す・える,ja,0,1510903083816,
ja:取り繕う,取り繕う,とり‐つくろ・う,ja,0,1510886478167,
ja:目鼻立ち,目鼻立ち,めはな‐だち,ja,0,1510902961054,
ja:詠唱,詠唱,えい‐しょう,ja,0,1510902877161,
ja:拒絶,拒絶,きょ‐ぜつ,ja,0,1510886309799,
ja:泥沼,泥沼,でい‐しょう,ja,0,1510886363249,
ja:茣蓙,茣蓙,ご‐ざ,ja,0,1510903312208,
ja:十字架,十字架,じゅうじ‐か,ja,0,1510886198442,
ja:弾ける,弾ける,はじ・く,ja,0,1510903002790,
ja:呪文,呪文,じゅ‐もん,ja,0,1510902901926,
ja:日没,日没,にち‐ぼつ,ja,0,1510886002333,
ja:侵犯,侵犯,しん‐ぱん,ja,0,1510886024832,
ja:報う,報う,むく・う,ja,0,1510903334210,
ja:突如,突如,とつ‐じょ,ja,0,1510902926977,
ja:和気藹々,和気藹々,わき‐あいあい,ja,0,1510903428540,
ja:母性,母性,ぼ‐せい,ja,0,1510924895649,
ja:所持,所持,しょ‐じ,ja,0,1510925028175,
ja:優遇,優遇,ゆう‐ぐう,ja,0,1510925281240,
ja:貸与,貸与,たい‐よ,ja,0,1510925285508,
ja:否める,否める,いな・む,ja,0,1510925316797,
ja:づける,づける,づけ,ja,0,1510935451224,
ja:隠匿,隠匿,いん‐とく,ja,0,1510935589783,
ja:粗雑,粗雑,そ‐ざつ,ja,0,1510935594560,
ja:拙い,拙い,つたな・い,ja,0,1510935688024,
ja:隠蔽,隠蔽,いん‐ぺい,ja,0,1510935727444,
ja:細やか,細やか,こま‐やか,ja,0,1510935768799,
ja:工作,工作,こう‐さく,ja,0,1510935815673,
ja:漏洩,漏洩,ろう‐えい,ja,0,1510935858754,
ja:示唆,示唆,し‐さ,ja,0,1510935876147,
ja:過多,過多,か‐た,ja,0,1510936045938,
ja:筆頭,筆頭,ひっ‐とう,ja,0,1510936158954,
ja:危うい,危うい,あやう・い,ja,0,1510936213225,
ja:温床,温床,おん‐しょう,ja,0,1510936251087,
ja:濃い,濃い,こ・い,ja,0,1510936301788,
ja:決壊,決壊,けっ‐かい,ja,0,1510936510182,
ja:鯨飲馬食,鯨飲馬食,げいいん‐ばしょく,ja,0,1510936527480,
ja:蓋然性,蓋然性,がいぜん‐せい,ja,0,1510936582705,
ja:到る,到る,いた・る,ja,0,1510936624524,
ja:俄然,俄然,が‐ぜん,ja,0,1510936647235,
ja:近い,近い,ちか・い,ja,0,1510936691617,
ja:笑む,笑む,えみ,ja,0,1510936731535,
ja:生みの親,生みの親,うみ‐の‐おや,ja,0,1510936760518,
ja:な,な,な,ja,0,1510936980634,
ja:粋,粋,いき,ja,0,1510937013704,
ja:障る,障る,さわ・る,ja,0,1510937107614,
ja:蘇る,蘇る,よみ‐がえ・る,ja,0,1510937150952,
ja:仕草,仕草,し‐ぐさ,ja,0,1510937177671,
ja:機先,機先,き‐さき,ja,0,1510937212008,
ja:制す,制す,せい・す,ja,0,1510937217691,
ja:疑心暗鬼,疑心暗鬼,ぎしん‐あんき,ja,0,1510937234490,
ja:素っ気,素っ気,そっ‐け,ja,0,1510937265846,
ja:し,し,し,ja,0,1510937276159,
ja:困惑,困惑,こん‐わく,ja,0,1510937279775,
ja:付け加える,付け加える,つけ‐くわ・える,ja,0,1510937335261,
ja:老骨,老骨,ろう‐こつ,ja,0,1510937451928,
ja:満更,満更,まんざら,ja,0,1510937515807,
ja:え,え,え,ja,0,1510937685137,
ja:臭,臭,しゅう,ja,0,1510937692090,
ja:静観,静観,せい‐かん,ja,0,1510937793391,
ja:折角,折角,せっ‐かく,ja,0,1510937822347,
ja:やぶさか,やぶさか,やぶさ‐か,ja,0,1510937915095,
ja:生む,生む,うみ,ja,100,1510937992387,
ja:畏敬,畏敬,い‐けい,ja,0,1510938003025,
ja:脅威,脅威,きょう‐い,ja,0,1510938388293,
ja:幼い,幼い,いとけ‐な・い,ja,0,1510938480647,
ja:トラウマ,トラウマ,トラウマ,ja,0,1510938588416,
ja:駆使,駆使,く‐し,ja,0,1510969288917,
ja:試行錯誤,試行錯誤,しこう‐さくご,ja,0,1510969346313,
ja:着飾る,着飾る,き‐かざ・る,ja,0,1510969406032,
ja:無垢,無垢,む‐く,ja,0,1510969512173,
ja:毒牙,毒牙,どく‐が,ja,0,1510969608780,
ja:悪びれる,悪びれる,あく,ja,0,1510969625328,
ja:道徳的,道徳的,どうとく‐てき,ja,0,1510969653059,
ja:教訓,教訓,きょう‐くん,ja,0,1510969657550,
ja:類似,類似,るい‐じ,ja,0,1510969679661,
ja:糧,糧,かて,ja,0,1510969690281,
ja:古びる,古びる,ふるび,ja,0,1510969778461,
ja:適う,適う,かな・う,ja,0,1510969936729,
ja:味気,味気,あじ,ja,0,1510969988659,
ja:曲げる,曲げる,ま・げる,ja,0,1510970042382,
ja:唐突,唐突,とう‐とつ,ja,0,1510973853963,
ja:咄嗟,咄嗟,とっ‐さ,ja,0,1510973860263,
ja:渡航,渡航,と‐こう,ja,0,1510973906448,
ja:硬水,硬水,こう‐すい,ja,0,1510973992874,
ja:飢える,飢える,うえ,ja,0,1510974092599,
ja:百戦錬磨,百戦錬磨,ひゃくせん‐れんま,ja,0,1510976011002,
ja:塊,塊,かい,ja,0,1510976034962,
ja:けったい,けったい,けっ‐たい,ja,0,1510976296658,
ja:眉を,眉を,び,ja,0,1510976365432,
ja:経緯,経緯,いき‐さつ,ja,100,1510976412020,
ja:狡い,狡い,こす・い,ja,0,1510976472576,
ja:取り次ぐ,取り次ぐ,とり‐つ・ぐ,ja,0,1510998782634,
ja:担う,担う,にな・う,ja,0,1510998800858,
ja:軟弱,軟弱,なん‐じゃく,ja,0,1510998991628,
ja:砂利,砂利,ざり,ja,0,1510999010156,
ja:安否,安否,あん‐ぴ,ja,0,1510999078836,
ja:跡形,跡形,あと‐かた,ja,0,1511059237595,
ja:腑,腑,ふ,ja,0,1511059309322,
ja:順序,順序,じゅん‐じょ,ja,0,1511059411039,
ja:さ,さ,さ,ja,0,1511059434336,
ja:衰亡,衰亡,すい‐ぼう,ja,0,1511061949158,
ja:皆目,皆目,かい‐もく,ja,0,1511062072228,
ja:由々しい,由々しい,ゆゆし・い,ja,0,1511062143058,
ja:執る,執る,と・る,ja,0,1511062325516,
ja:軋轢,軋轢,あつ‐れき,ja,100,1511067732266,
